username,password,hash,userID
corella429,cFJWoLLV,$2b$10$/QwVwy86eDCLwpIdjrH5xuBxRcFwjrImOhmZ1ZlD/e.HeKyXZWU5.,1
antons346,PpSIZbN7bhFp,$2b$10$T3UUN.FlWcntaOf50JdoBuDMdB9b3baKigW2ZxAR3sg4Xz.mSKjlC,2
rafferty997,Xed9JL2oJ,$2b$10$314nwbwqI7oAeW2OMdLPcOq6aQE46I2Q3GXkSrGLvoFkLg6iyTU86,3
glyn745,xsU4SJaS3,$2b$10$qaLBpIHWq94Py/xwQ1KFdeZmtRIpPaj5frC65NmCktl.u.7qjiGRm,4
pearce758,h3POorVh8P3G,$2b$10$X0n9pcmmljk0kej1icPF3eVYYb8jC9DPcmkR8Nj5TfCcXR8poghGK,5
yetta837,drlud7Ig,$2b$10$/PgWTq5c7tacKRxGN4aKg.7YA7YsnrQc5sULJMgT8ulZxBz4TZ1rq,6
patton869,6BbfUl3l,$2b$10$E57rPJg5oowXpJhfTVPVFOBq2KsSIXDgeDccSsp3qTklsCZ1rBSTy,7
artemis404,pHZlDMu3,$2b$10$EZ3fRWGnUYWTBrKvQS2oI.rtYQENCtP.2Uo9NpXryHMnH7zhIt.m6,8
jeniece169,n3m1RElefOI,$2b$10$.cvF58rSD171.8hpm/K2veb.sna.d5WKmkBPayc7Odepsc8ccbRR.,9
ronny169,a1gMZWKO,$2b$10$cKT5JZf/5nIDVJwZ2vxWMusn2lqOB6GOSdsOeyRsyZGB7CnkAmhse,10
benedicto698,KxCyON,$2b$10$QrypKSGWT6mIzY0z7Jdv8e4GwMIZAZcqlKr4aJ1KUNi4nPFfFUhHm,11
junina719,pchKGb0b,$2b$10$dsR1nZxor69T05ncZLbv9eK/E1fkfKWolfrHX63zufAc4bDbHsnJW,12
toddy321,fSGHaH4,$2b$10$aF6FTenPgpxxUhD/s4coP.Sw/k2QoczGOHKAiFDr.3bsSWpGB40ja,13
yolanda421,zFxK4N,$2b$10$7lwDNGQ2vEmfqFu1XEua2equcyKlLY5e0c.XB3Nu//bIZDJGmH4wK,14
dom747,7UR1PLt,$2b$10$H1ymlrrcozVZhoysXZmpEevsQ8hHeTNjxAzmHTAGUnSHFGNw/juKa,15
katlin460,DHHVGgLn,$2b$10$ELn3rYcVMhcO30QydhrVbuechOBfcvqLbv/A8wyV//HUTKi/Y3qxO,16
shanta186,kWyWGP,$2b$10$nvZKZvUAFJPJdoee2WwUVOxm3Ov0Xp2H1Dn2FEwqKnp2PYAcS98eG,17
theresa566,RCNM7ZO,$2b$10$8Ej/JeOrInL7Wc68bDhseO0FK4DljzUMMtG0.TkMT8R6YhIVvQBwm,18
lacy684,YQCEcu,$2b$10$aRxxE0umyFbaCeGqyW4Cye8I/.6ugpZik2r6YFCiKElbJZ8TbZGCu,19
hobey712,Hat3BJwj,$2b$10$Y2n/XQgpKxZGfMuGrjVFJuj8A.lfPdAsZPTjbRHq/Q2DnmRfsg6Cu,20
priscella693,8maW881m,$2b$10$KzYseYOt4/lUa93RaBDcBOtpvBcZmGZQCYGQsOBD4z0oNYPFEICdy,21
persis236,fqT7qFd5x,$2b$10$utA4tdUXnOGZ6ZWa62hXzeQcH1ile1FQraoeoa5vw1VG1aJdONsoe,22
clerkclaude331,OTRH2oIgRoN5,$2b$10$EP/03cDljS9qisrQnoqRhe6LCKSu2qAWqa3fuG4k.tbpbmrLX0BAe,23
teresa545,qvcfFx4Gr,$2b$10$Z6LezRF5zQCeqi4bPOecXOu3sbbfOcmPm1l0GKzuWOqELuh.vYQEK,24
rene788,FbwajPys5k,$2b$10$/1Le9itw.CeWgG5wZtBJQORzwsktPQF092UaUVTLH6zvLbJGtbXRG,25
tildie347,z5wvYmzeM0t,$2b$10$dYlqtojumM7F6SaqHrkDXefa1TCBV5o6PLNlRlHqD/TekJJRt34aW,26
elane364,CGQCK1vG6,$2b$10$BhEDJ5rKE6UgJqSdrUsRi.Yuj23tVHLFImhUffEgW1c/z2SaQOpLu,27
amelita384,ZamEV1Gfrzx8,$2b$10$3Cf34BzKJa3JMi.G.ZAFVORHtMxP/JPn3ZjnxLOOccs2N479H4Ebi,28
karel287,IEtAQvlLvX5T,$2b$10$ZHy.kmfN17Hl6L.iioZFcuQu06uB/hvxpb.NNDAbdatbh1Bt2Ts3y,29
clarke287,UPeAmPTsn44,$2b$10$v90OLE7u.qC0ysI0v0Y0dOeqmTtCFLcPLh5O.8CQmi4ZEURim5bCC,30
hyacintha284,gZ4rau,$2b$10$4OkvR/DCxzYJ04j04HTnae2SQW8xbj6Xxv6D.quJ1DsjdphR/KEJ6,31
alaster554,LVFabiJMHJM,$2b$10$cxjyf3pr/kQk0xkhmw6IueagAvFEX/7Hz1Y7Vw3LE71HxSuHsCCxe,32
clarissa761,BhjdTE,$2b$10$aS12H0yJwMd64iiIQ2UY/eiXB/rBQItTsHIUxeklQAKguSnG5fQhi,33
hurleigh709,84plkJm1,$2b$10$BmRcD9MUCcz2tGl2Pnf62uO4yJr50d5nqivhsHB1t4NoD4ujomcCi,34
sophia221,r9y41oX8jM,$2b$10$L4fE5Vr46P2I7y4ajPG1j.CY4Aa8yYMT9id4A.KsyY7bdaNS3TGua,35
dulce150,WNOtiHN1Ud,$2b$10$nhuH8cTMnTWzZTnn1N7Gs.gh0PSLbmmO6R9asT21Kqmv3YHKrvCzu,36
bronny258,R7Udph,$2b$10$ILt0u4FEna2Kd/WfdFQgLu0tunZ.LNSR2mM.SviXVcpI1rJ8GZKPa,37
nancey474,o2KlwiSXfIF,$2b$10$xKHX/lJrWfcBUcmIKj/ymOERjE328CviefZBA6XIPtuVkBoROFdWW,38
bret808,ALORQ1ECA,$2b$10$GTx/XFOAGnJCvkOY/6fdZujnci/AJZU.3UqoX2P7zgN80TTZkR.q2,39
ailey484,YxYS94fPb79o,$2b$10$cTl9f9EJfDbIwyDbrSG4HO549uokTZWEa/BrstZFPSo3uJNqISjF6,40
randy830,H2pkmY,$2b$10$X/tm5cx6/WbCatXwj2Wu2uPtKwjkJvKLZxw8Zvsi0AJu6Cf/FqNV.,41
allegra520,3OlE7bnjhc,$2b$10$pXBpBaOs9/qRuQGhgAsBWO4KrwzzKSmd70/KuomRfuYUXUvmz99km,42
davey133,7REwo3TL,$2b$10$x1loJRpv1JQZKjlj5IhMnusrtA/cQLHBLZ5xPCCYAQaxtvLwvJe4q,43
gusta446,AqYIkiyTwta,$2b$10$TB9SbgjETwWMhb9gpVu1..9QVoSjOSKtb8ccDAyRSJ6hKjnMS3HwC,44
corrine295,b3FRBkoj1,$2b$10$XEPvAL2Woa5nghE/Rg3NNOYNaFl3.w8NniH8nPkQzTh72qIBpkBS2,45
ambrosi252,qV1gtj8,$2b$10$gFwkfX9qR7Y1HMdI6.jHN.wfrmCIPL./1RLA8o9z1Mt656yFknjHu,46
felicity597,XoL1T0,$2b$10$Ffp3qtwJDPHV6fKZHkUqxesrow/fK/6Y2HCeg3Yq3SE0woGMOtUBO,47
valentino371,EuzqjyNh975,$2b$10$3PWbC7AI9Uyi0x5s0snol.zRbNbqcAYuT5lSxzauQ4F/1x0IRQFVO,48
silvia651,33h66n7ja,$2b$10$LBSYlgt4lKhQxAoG1s6.Ruaty5dzEH.p1KVewEV7hiyaDaBPhnApO,49
marley395,ebllhLnDANCA,$2b$10$l6O00IFY6j/ux58ya/UGXu/z7gObwE4drgKc6QiAUGGkFDTQO9ywu,50
fernandina171,kDA7qbg,$2b$10$uymbuSeUHCN4rVc/RhZ8FuhgWXFFFlCiL/Hm.5Ydi.J3NH2P8jDvK,51
ches271,FwMhDAYEp,$2b$10$BuadQuIk7dW49aDJhquVj.tieQ3sZDCXqExbvrRvnm.5vo0LEJUGW,52
lynnet977,nydNH1k,$2b$10$PZv/iCTfKlFRcOqd5vA/yOo6Dw78z/OYIfh8T2niTVXnkU17J7yba,53
aurelie450,wuA2T6X,$2b$10$NDg3vCI8ynBwzHIm.b3o2e.UEmZ.H5ujVQ3jUJYgHnLdtgAMlGw5W,54
adrianne485,QFpczpsDp2,$2b$10$hXt0uL6cLYjExth4Qu5tnuOD6tXZxI/n5Q5Mz6nw6jaSXxvXmNzIK,55
raoul788,XKhqRtIn,$2b$10$1E7Bq.bFTKTimFyTLOjJV.b9KT8xo0IRRis166pR2hFjP2zSphVM6,56
daisey129,TuhyuzSTA58,$2b$10$Y69i4hiOzv3dPcxx5tcwruPzGIqVRcBYLRMis92tmQsRWXWr/X6rC,57
arline573,KRsMz4NRdW7p,$2b$10$wOXnJukBx9tjpj3qOYyyUu8GZm7q2RW/BJjym5Ix3vYENJNZv3EdK,58
simona716,LunEgB,$2b$10$O/9sTDu1NpFSpB6eG2ssWO8g2SlujARVlFFfRlX0YCwx54WzPSBQO,59
shandie327,aMPEcD,$2b$10$f/cabz25kUYFtLMowAm..euSfQaZ3.DsE10bv2UFSkB9C02DUd4qy,60
kort588,4bowoXzd1,$2b$10$ViXRWUWxXDA7w1FaV8IqDecszOYeHriVgqey/ypFYTGHk.aUjUvp2,61
grady487,R21vYHXKyqCa,$2b$10$lZ4j5fLK37ZVv6Abi4pgAu6hRVeK.v7pNBoX91xEfYmPalvL320Ra,62
tanney653,UKLbvba8CHb,$2b$10$FvRFCYVXgXUwXXGdp6nJv.AcaaOqHbNgVCSSOM5VdkP6bbOT9AJYW,63
barret340,rHPlaxjOfy,$2b$10$Ab2EBPqao/cHFtVQNkp3AO/XbmdnULSJzv9UtWweIYEFpio4Q1jMu,64
kearney248,sl0GDNco,$2b$10$HfCy3g44j/VheniPQCNlDOq995ARa635S.NPVckVVmhmX73tMKAny,65
monti326,Da2l5Et4,$2b$10$pPYYqDcz233toBIxLm84c.iPAJaTojdwA75mdAb9qqcdv5.j8VY8y,66
alma778,ZVvClT,$2b$10$IAC6GbioO95qSeX4fS/n7OE5rwN5dh6fyjWHJE/ekeFA0J27W5hVW,67
agata107,ctwSMo8,$2b$10$42EpdSjcX.2jX.ORi7e.Ru/WXKWOpZ3dEZukCQ.dVe/uoyR7Fn5Re,68
elizabeth642,0rlqMEPd2sXD,$2b$10$xHmrZ3oBZtHd9wyB.1vPZePPMpSt/rP7OeD2Umw2kLv2LVxLASmE.,69
harlie616,92DcZ4pPa,$2b$10$l2IdBFFVKPuiCZGTYMl2MOQWb3wmZBVIVFB.zE/Q1UCcL7xZ1OOKa,70
kinsley293,9Vd68U,$2b$10$OjqKmh3TVBZSiE5e5tx7v.wFPBMZoymUGMiYsyBK9fm7N5pm53Xvi,71
gaye314,oZlceC2Isp,$2b$10$dHkL36LAgpwUZA5rhkXGk.ECLhqggg7jFYx01H0wIGZmaoTrcjJ.q,72
quintana696,27ZjKqb,$2b$10$AwIFPZbWIMH/KguDzSbhCuk1XGQfTe2MrqCwup7jdN8l6g.5N4fE.,73
sam570,EZTFhleIa,$2b$10$bbGqLKxXbIcoTipCDPbQTOCHRtb0p.Z58RPEb1EkyfYmvavVCPwDW,74
emmalee828,R913JKb4A,$2b$10$PmhO.XurgSfk3Eni2EEAleM6cg.ETQrcTm9Qvr3cbY7BbO2RqaZia,75
krishnah994,wODlEEk,$2b$10$MoFfbbepHz.8YL8Uxx0ctujtKUEYW9/vXdlpwwSoAE.Fj3ZYgPjdq,76
loren363,rmWBPMmPy,$2b$10$BaXowu/eedWoF8dt13F0SeElzUL1cT33VOKDqi0U3zrqjEW0RHgIe,77
carmelina202,JFQNjN3YD,$2b$10$MsxIcSoDV1P7/yQKTINhTuBDIQnqR2w924BGvTOwRy7D8jsNH3PpK,78
barris729,FQNp9k6wF2,$2b$10$5/01JF28MhTJXlEwRodC8e7vnc2i9ZWxxQ264/UVuX8S7aEYn8aI6,79
sibley753,LDB48W5CXbZ2,$2b$10$Ctyp73rRiPMwHlWuA24Q/uNYh8vXn864EHiNiJ1xLmo1zMLBeNgEe,80
helaina728,nMhhYG7bPJ,$2b$10$FMnsSbAJxkAe2CxqA0OtkOPLYxaSBEyGq8v1Bst1M2s1tdh5DKOte,81
minne764,FdENiJB,$2b$10$Sr7D/NzJiFiKWGVaPTsWmOXGX9XHiUtqF4UVaBF.oZURbPOwhBYgi,82
colby457,oHLgXMMm11gi,$2b$10$B1.Rba0/MiDfWE6xNwnA2ORH5wpCLjypPFEaGXN94493dRAV8gie2,83
marlena672,Zql1d6Eyx,$2b$10$SmxRAjIOpGvq/CTsyQwfauA5YCKE37/w82jPMxcinrnHNDv5lzTAa,84
hastings214,O1Ixxoi7V,$2b$10$gljHzIyN7ADRRSrnUkfnMezfJ9hnEQ6iLUzmpWK0A4xSxff0wyN6K,85
ilyssa296,DGSVEKH,$2b$10$ysJJwSqhZurN.IJTV1qSQOL29ZYCR.SKLIwKYS658vvyeLggBi0eS,86
peterus664,zMwRAb4YC0I1,$2b$10$IrDgikip3IOl3DGI.U29x.iFhzAw9rZe/LB.ky9ttoViq.HnVkxAu,87
giffie373,ZWpCyfxGb,$2b$10$2.6IuWeNfGNeeJLGQ.5h.e0b5xYsulTZYsiMNrVnZvlzcYv6eYt2i,88
dionisio987,3iYFZEzVjH7,$2b$10$ZrE4wI9BvHag/W47m7lmZuW/uOMDofIKjwMlFsrgHzaTq.s1TSb.S,89
gayelord315,DhFC72dWxb,$2b$10$WcjDn1alhW0OKlKF0H6MhekT75T1S8xfJ98WCesSYhZX44vsJSEcO,90
shelia331,XwTAFua,$2b$10$6RadbZc0tdjkwBCqYGdEo.cet8QB.i9DHd3A2xfqDoMasm2cYXfIy,91
emma355,dYn4bn,$2b$10$dKTcMtk1AAYNjNdWWDucCexJpcwGfmOypvNqeR1ORblozqWUI63iW,92
jillian585,5YLxFgwuv5,$2b$10$wLG67YS711pRmTmvpeGL0.85fajFP20wqGqnIyf3sa.zzVo7MmIq2,93
minny171,XCofiL,$2b$10$BazBr/idw4ffVInnjiyuNOUeYRyBzRi394UYEmHOZcFlboQZAUBtm,94
annamarie283,Kws2s5iqMJd6,$2b$10$fUpL4yKgjNv1eo1ukbgR9us98bt789F3NBeICHwBSSB9Ttzb9O9Je,95
lelah354,Qfu3GG4GOT,$2b$10$vTNldmtiMpuNYXlPI8Zmiuo1xfqissQFsPqpovb/sMf78VZjJHzhO,96
pepe588,UVPzKf,$2b$10$h1YhNPBBctnNYkY2AmnOF.LonSUva02tqwezPBsZWzHYsejAqsqw6,97
jacques513,HqEcPsVEM,$2b$10$otJnzge1fQv.Xv9rC8sW6O6gWRWAOhf6.nKrLvKKn7/92FnREIWie,98
easter111,IJr2PMXFM,$2b$10$FUB7mgVHICmEsv83hqE8HuUCAyMQIUiiU17nJmfwazqbwM59VlyIC,99
alison697,gVaOxMp7B846,$2b$10$4qdpMdv7zjjnkDFTt9JzjOwNQ0/HKiU4CudHG/HfiSXdsIOcBfS9a,100
law861,s9gQoQ,$2b$10$PgJJq86uUcrMSAHPn3Kz8OJ2oVaUU95eDmlwUN64VvaZT.D1l8.1y,101
marcello133,o78ff25M,$2b$10$/yrvJs5RrxJ1BT01KkqwUO0UT.SwcSw0/46JQyczNEOXf7k0mmkTe,102
karlens633,8Y80lImK,$2b$10$0ewiv1j9OLHVjpiZVaNlVeXJWO3aKBIen14w8pi2KI66vnVgzEQMO,103
robbyn554,Tyj7yu1nnm8p,$2b$10$O8qgRfi1ydN/7aTdKQbZWea7Hr1O5jH.RubjV8kkCNNO2O363/PhW,104
romy221,gncP5uL,$2b$10$nf8eMxUTPTqgm6wETUJlOuhcCQtBJHXtT5.jnkumShLN8ayGlm/ni,105
renelle573,K5pyv3VK1Wb,$2b$10$wPuclCzTj0tRlWCmDr.t.OG7NaZwjPII7AP2jXpFhfwUeadqU47Q6,106
lindy441,2OiO4cmiX9z,$2b$10$pYg.ONGrPh7SLRpjjin9cOlGJQA7ehicgpnbjZaGWIOiLm6aSBSRe,107
gael239,PNRoszonTIGY,$2b$10$.Dzg62cLTs5t3KD9/zygJOihzLGKQNUZ/6zx.elu4KcMqxrEr7ecy,108
dorice758,rBML0rIVGU8,$2b$10$XkQp3bJGtoNDmYhmnh/9l.cLotFVb2ylp4OHzp3Y4.w.ydVP/D.my,109
allina710,m8Qj2483K0QQ,$2b$10$Jz12oTA7vhDJxmmBjT8MtOfXcKu5eNzLKun7Rr19nED7NQL01.Uh6,110
sabine187,gqwGY5sOM,$2b$10$Ja9hK.hL67K4HMOxl9MY..5FVB4V4ztIzHt6rH16rMRh573pjLDua,111
winne334,MGIYTVZ2vBK,$2b$10$N5ZlZNeU3CkyrXFI8kBKGuP.yEHx2Wr0ILYOThhSlAYbjdZTCHLcq,112
gayler647,DkFjZVpCnb,$2b$10$rPfU6KaOAlgU7/WpEnau9O78Pg35RK4ix6s7tKjmoXRxX6vBPPD..,113
junie466,cziQAhsp,$2b$10$04Zgj0krlIaQBvCrFhJMDOS1vMpyGuSjcIs0IxhUMrlwXTSrD70P2,114
adrea234,IVgDDMX,$2b$10$K3EYDqt.nopSjzZZTr/bEOGvGcTAqrh2EMFVb9JEoH78lktzGINLW,115
hermina582,2HT4i3gs,$2b$10$XhN0pMhtPGXzpCin8yJQb.PN9jpRv4HKBteO3U3Xyuj7yvlTw2mhS,116
efren574,VTWlxvHBW,$2b$10$lX1iwGzmTHPCFWi1Bd7wfeYGIFfXvaPhXZ9HW8jTzEMnTyLwPlsxO,117
hayward207,SnsY0jLL,$2b$10$cNuGUTuMTs/joeVaj/iBnubHwIBHwlLlmW/lzwoak7Bz4fY6zXA0e,118
greer618,SHOCF2,$2b$10$jdl.2Rtv13SvLuXt0YUVyu6hr3ZGrQSOOWypUKV8AWYpzQpAvejna,119
honor195,TIcxDTvd0,$2b$10$eu5FC99ajO5R4yEo0PTW.uShBnx5uASks3Hx4hfbZ/i55nSbR2yZO,120
joy581,YbRBcuf1Mv,$2b$10$skp3r/5HysmylymchvQHSuTHpl3n35oK1oHS5AabvWHYQKDReiI3i,121
boigie954,Klbb6Xk,$2b$10$uyewF3DRrMDN5Z82KnzBnecQSatxnuXPyVH3zUwN1dJcBsLILEcqK,122
sunshine523,NcN9hYrn,$2b$10$eIU6ux2M9oVbuQeXTpfN2eo3L9wlF78ObRjSlexf0O/lVvD.JQS.y,123
tootsie228,kZWrXIk,$2b$10$w4eHmEqBPYMBssph8kdg8.KXtpR5bPHb4r42sAJGy./WgOasZWFo2,124
olimpia903,eqJ0Ajv,$2b$10$OSOHzyGFsvZbiAfPLdSWwu0Cs4DcCjs/JV65fhroIu8m8jWnsLyRi,125
kathryne949,PpGRZns,$2b$10$Der.56d.wWC802U3HtfdzOZKsLeKlteZmw8RYsWTrGEl5.zqTOITW,126
annabelle776,nkURmftm,$2b$10$AxZ30kdMzrnUd9jTif6FLeRht5kpDp3PixqvSJVHwwu52N.hxY4t.,127
avery671,HPua50,$2b$10$BRQlqb4Y7k6ELqnyh.Askebxe61Qsmfsokl0qtvGdBMUbrOrFjphy,128
lou875,cuAE6c,$2b$10$t5fzG85M2cVbuFjq/YBMBuLhhmGHqSrG.NBtZE3DzQYZSpCpCx4V6,129
clarita460,uqHxeVTcP,$2b$10$fTc6epW5.gjOVJrjSf6QYOjmU.xazXb8Uk0I.D0csVbTDniKWpq4u,130
antonius224,Nnv6NBjhZQj,$2b$10$6LdMmeUY14gYlVGoCQ2uCewJ8f//Q3.wOiv.GSKc81bxN/7EpnpJi,131
becka607,nRgskL,$2b$10$50KpLRgQzNokW3ml6df5l.aFxo3oeQZIo2tL6Mieu1jpZeRslrO.S,132
kelley715,MjohWh9GIS,$2b$10$hMSpYYBpbsTEZ40ebhtHqumJeJuM7O87I7GdNmbIzc5RSNVbWR4YO,133
douglass575,GdjJEilR1,$2b$10$PU01nojVcnfLXI8Pkj/7JOXtqu7tJnFKQRuUN9DtY7jGAh5.M8jdW,134
miguel340,Ogq26p,$2b$10$wD/c56EWCl8o6x9BHeDSe.1.Q114HOIyPzrWpdkRwdFY52ElWSBRW,135
maressa515,b42z92MN,$2b$10$CALLbbfllsZ23mT27yagku2IAFDvkpbpSzk7ZUydmtMJ.HG3h.dJi,136
gerrard572,dqF6BJDyUzfP,$2b$10$uNEsX2fPJgnPDuqfRxXpZuX/XQJilHvftk0S2llhc4WfdOfwiiMXW,137
margi348,edc0xBvcN,$2b$10$K9y9bimYwhEGUUImZn.cGOA8XeObYzmo36rNMCMSUqsPut/EWcdV.,138
salomone950,1WazkTsVX3uV,$2b$10$fNLrSPhcGR2cV.4Leu0P6ukdx3tmgNgxoS1tm8MTX7S.9/mn9z7km,139
ulberto374,0GrR11owx,$2b$10$jTHQmJ0.OffoWsuUl6ATAOVc/RuOtCcp6kn4w5occ3TR28PBzsMCS,140
ernestine187,R5uLg36,$2b$10$57HKxxQLaiL9Jp0XAlsC8.P.aAs0vdUmReNNLtlNWMzmNez.GVrem,141
ezequiel748,uzLXLDYG1LZ,$2b$10$j/uw4utk0bvfLRd3CtIaqut4f/Z5aJicsfb7LUCXoKSnvXpgF5X66,142
tilda658,3VXj1w4tj,$2b$10$RkrnBiE27wIXKZk6m7cj6./Gp6UiYO8RiufwIK8Oim3daaH5igR9q,143
kriste980,U6Qj7k,$2b$10$FspN5jrrNOHArYIbfkCNeukKjszFJ3KrUxW6fiZMjlYv5B77H1H7m,144
jackelyn278,JRxFbXo,$2b$10$tMQEGliAH9dKOpfZOvKLe.w7hsNtz7AWlg7CHoDj74QdJnR/75Atu,145
angelle688,lJQpuOR,$2b$10$p8VLvSOjICvK6HNNY2Vdfu7PSbOo3n4XJ/Pmv3P9DF4sR3qFExmO6,146
kassie379,XhuMnDKC,$2b$10$i.VeyN8OfV1z1Jx8czcwFuSJq7MI2FuGAWAVYB0gqTVWSDLMi.f4i,147
see168,JbJ3xe,$2b$10$0adN8OE4eJ44SsXTrwp6YOsXPh0xfaJJRyFd19lgXemV79LhUJEM.,148
lester450,2NIIHjhpy,$2b$10$xyAHVzwS8hsCBhpYoc0g0ue.IYQYfePS3QggoGoKqnK1oTzVmhPk.,149
leo182,bpyl30dNiJ6,$2b$10$4rb5LPrMKYyeQUQiV8NmEumwkmHk9.jK9XMQRuCMfWiYDKk1hdpK6,150
adham437,jTOXND,$2b$10$lm7J6EyPit4qmgHKl34MPuecFce2X4/ihmEZmyiweMqd9rOMDM4IO,151
savina685,pGVFz9,$2b$10$2tSxSy7PJ3cXnrPxaONw8OpxtwOqj68OlDISP2.fBMGCOlUDYXrtG,152
artus665,cdOyL1sW,$2b$10$/jGwAhl/wrEcRDmIFb56uu89mwXZq1POfogM2dQLHm0E8rusrXfHq,153
brian332,zbT9ult1eE,$2b$10$DE2/xp0./GDfPwEMDwaUjuVXw59Pz5VYUtjXTae3JcXv/0AwDrG7W,154
bettina747,HORIHC,$2b$10$pA/tAd2uOiDdMTKizwvrMeT5tidFP.CFc2J3uB6BcVW8FzMizP84W,155
cherey651,RJilyuISruAk,$2b$10$yVfFj3VPonGfJVH3U1ueN./pwQWjyZMKn6jFsO/V88OC/wNPon6tS,156
ole770,sR4Gm9qs,$2b$10$pXsBofG2/Xevwr5cTKsaf.kut.sAtWJ3aRRsQJ2EpZSsGWRp9r/0W,157
darrell319,73bBcmf7,$2b$10$u7f8CBeoLMHNey4e9MECO.cp67zTyIe3cffrCCyPsoCihYW4hkRN6,158
johannah330,camHXRda,$2b$10$nDsmmplvPszEErAyuhon1e4HyUWpG2hp5rm9l5oxM4GQ/g/dGjgHC,159
sacha912,DdY04m,$2b$10$Qqd6HZDGDAqYsCDLxKek2OiJQATHwzB73hDAdkf6mUyq99LaWSEmC,160
lorraine319,FVmYo6TpdDY,$2b$10$RRqK5Lfl9148r6u7LoWDB.MLd61IzOv226/YKu2qmN8o9OgJFCEUK,161
ludvig925,D7V8JnNvoro,$2b$10$b5aZ3jxtPf52pT6Bm71hK.vCc1Ty3u8ei.6fAbCBIoOIu7DvDT4bW,162
reina724,gbdRF5VvyMy,$2b$10$iDLMVSoJCxYccPlKMFe7tu97w7Lt97d2e.f4gF9QLyRrR2n6kjmrC,163
prudi271,OhMudtB9,$2b$10$t85LYTte6eEKz2jFfUMVR.ai9ECXREDdnz28JQ5e70oOAF/5v1Wf2,164
jerrome206,TMtxSqn,$2b$10$X96l6OAn0NGjVA/hz6Y0jO9Mqos4ano4ShMeIcn1oiRUo6KMRtLri,165
mildred897,V1Ob6cynmhJ,$2b$10$z0rt4gv8E3fwEBhytJOCGe3.ZhuNZj27A9/Ed.lOXhTK4IKh5wu1u,166
daphna112,4HcA1WoUeWm,$2b$10$6LT5CKk67UmabrZiW1Di0umRJjwm1e/mOsgHvQWLEMjSGxw8w/fNG,167
gail876,9erejRU6gHTW,$2b$10$OEIbzXwJfp1Dgife1dZPw.H3Jvr4QzNbrVr.JS.Ac4h4PD0CovEfO,168
jessica987,07BBUXpIsc5,$2b$10$Ryp3sH11avjJicfD2UIw5uJGokpdLCrJN6qfrlQfa2fxg12LNnZE.,169
ebeneser325,2kxgrh,$2b$10$mFGBL50E9e44z/II4YVSwOZQVLuj5TdwEgs5Mk8yXdwl8NRcymFn.,170
livvy401,OPWLbg,$2b$10$dufeXgF4sf4m.fYyOcNkB.p5pB8uH.EdHhLFlbgOk4t6YnlAYz0Ia,171
matilda314,vkRXep4xwN,$2b$10$FLjwxoEjdlQWVL3wuNDffeUe19sd3X0kDjgKMqdEa45dI0z0TvDUK,172
maurise192,JD1CCEq,$2b$10$AOjznpUCStyRb2d6IOCT4emeIpZGrLkdswyUQcb0yQENgOB4KAnEW,173
rollin690,mqv1lv,$2b$10$T26INGAKEcjRAOZXTvL7oOVOFw9IwKekxmctILrMak9jDMZwogDSi,174
bonny273,bcuHJetb9r,$2b$10$aqYlO9IIThyQpz0oDb0ZleadXBDFsKVIT5v1ua81vpI9tAsiZxOq6,175
brennen564,oOAQApCQdAI,$2b$10$j37GP75UozBZQCF3AY/U9e.9NfXAwfDDq7BFeiMxtmNpbiukUiQ.e,176
baudoin591,khfFkVPZSNbi,$2b$10$tqw3YkmqYA6zkPvp6pY9b.ABFHHCur7MBjNHxT2D0.aownRVPwI4q,177
saleem713,c8tzXUX,$2b$10$BRk4FmlJvgo/bCo.2ZE/B.tiJyy8nT01HUHCJn6FdcvuKvh82I5GO,178
danila699,WuL41CXSK,$2b$10$unscO1QuH5FHwVLAdp/Eq.E8R6VeNIfa2gV.zubvlUetjdqvRz3oe,179
anneliese750,FH7h5H55,$2b$10$zq1y88TDWvSnxNeIUp.5V.Shh7ZON/qiqlEUxXKnavrOb9cVs46uO,180
joli223,UHBpHnR,$2b$10$PqIx9e8dUXYwbwb3Gw.a6OFakNFA3puk87TZSImyvx9j8cSQM7J4K,181
andee919,FgjP6j,$2b$10$3U1KY9BnEyb/h66lBN6s6OnFg012NJoULYlDxf7PMl8j1fXsOXdli,182
benedick263,7AN8rgP3AP,$2b$10$irr5t.hd3swdX/9LI/9Bs.Ir3P6moNQP9Xj5METAgzk74xIW.bAQq,183
alli135,diJPrWM,$2b$10$K3MQLT3yIqucrAQx/yIu3OtTAG5XI56bQ1rUIxSIYIR3PMyYvp3dC,184
natka506,MrmR3TnH2si5,$2b$10$196/wGGAttIHVWVNgreB1eKewZJW4/NAIYCAQ2c06SFPclFtzah/S,185
kaitlynn213,N634QK0tvqG,$2b$10$67Ym7UrznNNcx0UBqNf7/OJfpnzgxafmvumLNtd/JN4VkCsN/dSm6,186
meridith358,CGVyFTIi,$2b$10$wnPhUjfnZblEEExE2C7tY.5Vr9nKo84RQCtu9KL06tWEE1W4V0d.q,187
bary281,erpLFQZQ,$2b$10$WOTaQ9ya5LImbZWTMjEpIOJj3jyxdMLhVAC74xOFmk/sL.oVNXwqW,188
erick685,hcqf9ME,$2b$10$UIhFwp754J31rfp/u7mgaut/W0uFC6OjZzNSD8TO7j4lnZnJij.S6,189
levon962,lhbwsC,$2b$10$56EkCXtmc4qSeetjh3yXpOuJkK8BfWNxwkMUrP6MfqmGFsaKixXCi,190
marya243,yutFZBNgM0b,$2b$10$TKRg9Vz9oLCQjYsn4SywcO21Y3Dnb92ueMo5YWaglkTDjiLC42LXK,191
yurik431,d1MO90,$2b$10$oqw74Olanw4S7g9HPwAZluF.CfwjlsBKu0.ZUViJNZ/8RyVwXOvlS,192
aeriell724,b7szKADW2,$2b$10$XJ0dn5xb1FiSrg.oN1qj/.6o3gSz/VwDxSEPUF8DBgzbAeNwZWdMa,193
shawn951,MMn7O03Y,$2b$10$QAWBrmGhW2lYr9PTm4zXs.ANt1IIdMLOQRqFuGDQBoAY8DL5DDbEK,194
suellen188,s01FYVmy,$2b$10$8zmMQwY6vogRiNX7XzmUg.fiQLIG/h31JYekEc32Y7ahuB/9SOn/2,195
andra743,KTOKVy16X9gX,$2b$10$wa7kgmTMBF2MjcCf4UmEKumyU.qpLBFeXGN0Ii7FX5zAXMBqzyHHK,196
wilhelm920,KGp1i0MUyHY,$2b$10$EqFEFdUyQ8J5G74diDQNTui3G/yvZ9sKGewASKh8HkzU62s3bZWhm,197
gram505,zrjACtYiF,$2b$10$lScuY5zM60ON8nXXQ0OD/.MgKxmQ.pV5bkWBhGCJKArd31a1Sg4eK,198
james861,qlJLQMsZcu,$2b$10$X2aXzN7Qa3mpjZ3ho78mV.1KhZqp9PRZAZn2X5mzrUmBsSXTppmCa,199
tomas336,PycNYTQ8,$2b$10$qF72BvGXswywBD8sdAzb3.H6gEjoFRUJfZzutuYYEA93PvrX34kQu,200
athena858,7G2Ddnzhl5hf,$2b$10$WzRZKgTVxrSgmUaLR4WZS.1AvEHB.v7C9ZuS76tnyoU1jy18oNy4y,201
kali123,JLwtcd,$2b$10$kKDIlXb6BFMANLz1uAbxoudncgzreDh9sFyA4Qhm81yRSylLpIbUe,202
mia180,oUM5pKgvC8,$2b$10$mCNyV1GxKp2Q6PMCJGFTleC1XK6nzgkWFF9Ci/iKQliUJWCu5ccJ.,203
marita920,weENSK,$2b$10$Z20iKthQi2D5MMltAOk/MOugug/Y/xGI5B4Qh0wN25bQRtaPzpxVS,204
aggi728,dRO1WNIYZ,$2b$10$Rwod.VYWgYcQyXp8sMSEiOl97lxC1XN7MH3TZELk1YoUHKcoUB0cW,205
abbe922,byTnQNKM60n4,$2b$10$Q6YQ2UrvBEBt6yzTS4Lti.J6nRr34t7LVjKXJqv8lgupWecXPQxdy,206
eugenia234,ZLzufJRgAW3V,$2b$10$b.BE7O1hiT2qi0snsZzb4u7ZxWYKoFjGU/ImlBMM4OLSAydiLVrSy,207
bee475,c6XXHPFzYkN,$2b$10$cTk3tN9Q7X91XivHMYjaNe6zo9y4AvVrtNQ/IweMRrJpEKOyxLxle,208
fulton847,iRnDPKN0njV9,$2b$10$cW8Xa4ojQ3.Qhs/WzmcRnuVlM2NsF8c4r/5mGW0JN35fe8UffosPW,209
tibold153,s5992lM9N,$2b$10$UKEmcIUilO6QLKqSqFygNOJ1TV9kXXKLoqWt57zIwB4S5fw7Ymr9i,210
abbey512,lec4Ky9BVuk,$2b$10$DQb4S1iuHkKY0PXTLOoIcuZNZNiI1kVbcvS082jobkGjK2BoKXEgm,211
dewain187,TvUePxXES,$2b$10$1DNMmAdQIFukzjT9t0OncO/eNBdz6XQh1UPRHIViJXP6V3RKsFrP6,212
hayyim158,CJrU0X9xQ,$2b$10$1Vhq2yKa/WvdMU2ScYqH4.7n8xMVHm33VgjnkUGrAVicyYuBOOU3O,213
brion672,8hTYtL,$2b$10$NBnGVxvC5lZdmQRm4XS9vOIfisszZjz7sRMMfpYvqm4z2K35phsMC,214
arlen210,bxlsgN9,$2b$10$2RhHrHosVPL6nFsxYA.6Y.lQHe/Xe9wduRlth63pxNGOpw5bRt7IS,215
lavinie465,OHfOICbFzCfM,$2b$10$tFUA2FHD.WW1IS952.iu7u7mN7IOwfVFtH6rMg8XpV3jr/mI7Pex.,216
donny871,ORQmhOUd,$2b$10$9PNUq33bm5kHnrYPuBN7DOukMKR1lI3a2Y7pnKipKIXxPl/ybE9Ny,217
korrie468,MVrxTi1Q3eUf,$2b$10$jc3JkrzNANKA3hxXo38nAe94WYFgEck1WWrG36jkQWPqJXaC3vERq,218
giorgio596,kcO07MeWZurn,$2b$10$ZMf/F/h6qC9ivuwtcKpLbu1hy9MpFG6TezQ06ht6rjvqwX1cQuYgy,219
erinn168,c0G75H8kmpsH,$2b$10$AvjUftJ1tFSJa6yybS9a5.QvRnFSt3CHV91SEXKc2u2cnP53FDTkm,220
amye817,na7txTZ0rb,$2b$10$3HhufSDU/ikS3G/JEDCVf.GJDlQ.basTq7qZMQIENTbz/yu3uHksO,221
carroll448,OHWacTG6tF5,$2b$10$SMkRbHqIt02xYJHXlC.XaOSYxXcvDpyV1YhdoQKu/6bqJESaOkLGC,222
thekla853,PVn2WNuv,$2b$10$B3pzv26ic98M30VF76TQ8O5kQK0Zs6/GDaykpETB2Fg9bzYJRo.Gu,223
aigneis534,jUwkWkdGtd,$2b$10$bAttxkPCwiGI/Kr8fpfsEOGQdpYeyOETvggSHhLANzILjHDy8wc72,224
pedro186,ZJIk067YCZu,$2b$10$VbnTLZjahUoIu.rQ/t812.AzdWnVieKfDVSW8iUykzR.j8s0pl6j6,225
mateo207,mW2ZnJxNJ,$2b$10$KpMJo5yURG1wzfQk6CiZWueeqUVfDRp9J61MoWTa.2aclXG58vStq,226
gretal451,C0W481Q,$2b$10$2jdcuADFQp.l3JOqv7f71uxkSchujPxbFj17aaM7hYIPIKKjOJD.u,227
dolley986,gxahCWEPYn,$2b$10$aAsbrsgCF17sNx0q9UiCkuefihBBLjRt0gPWX6tkPta00hdwpjW6G,228
inglis427,C6jobj6BzC,$2b$10$DfzRYFPZKu.aRBLjGI43XucMUI55uiKll.9/V.mfZe2cbW3hoTNBO,229
melony722,y6OvmkQEqniz,$2b$10$M4jFfaGHhRUrBHxFLVhHMemiNBxKT6XUTt23WzpAIcvuEH8uom6XS,230
cassandry149,oCwExB,$2b$10$GkOwcqolEjE7WdNDJeBSluwsX2bkE2Y46ivTkQPftmyjKqKEYpDYC,231
riannon580,GBmzZe,$2b$10$GZliDJhh37uvUibRM19usum2jMeqPKOL02YTvQDiqoOS70dQB4w2y,232
leighton235,dpSiSvnGX6Wm,$2b$10$XGwDKiKrENL6A5311tlZdOJRYnJAZ7qgikTif6mpfBqERASquy796,233
michaela943,qi2gC1t,$2b$10$SOILx1lp.a4IdUObQ8YqqOOv1Se3BS/vOR6pHd2LCnmLgc63gWgn.,234
pattin806,4Qdrb3UBj,$2b$10$5d1ln8ZX7dR0yBydyEYuD.XwS8y4IUqcVnyE2LZXStxXoIp2lkPNm,235
pebrook548,3cHGnE28wpCD,$2b$10$gaMn/mdpQNUbwnvbT7Ylve9ihnOQJ0zPKkFA8fMqGhNEh0nRGFTH.,236
em484,yhQtAqG5XzkW,$2b$10$nZriLre2ZlO4WCfEMDTzaOQpfA71LRYyP5zn55jV8VnGJox1UCTMG,237
isidro663,C2q1EHZa,$2b$10$XG8Jf.tmufofPyPIS04VQ.7ev9HI.C0JMQuGfh0xespPng9P6iahC,238
roshelle856,a5r9839Om,$2b$10$zOFzCYlghaiwSnr5e1J12OenuY9MXqhPhKv/BdHtjbLiZ5PVvEXPK,239
susy745,7ss42o5,$2b$10$5YqcjefvOaSggvHDeG7iX.XzF3/SNKq0ucgttfPGpNb4VRmxYAdMC,240
drew511,SRTRAs,$2b$10$ZrVBmtUDIqDSvepnaUcN1uYMMDdvJbXGqPumuL.d1H3JcrSAicKw.,241
nevil501,wsGDRoEBSpEZ,$2b$10$mufxbJu81s5w/12BUXXhqeCvmgFDkHxG1vx2.J80Juhjp/36kuTh6,242
nettle348,e28MOofvmTL,$2b$10$RRrM..0zF9LB4rxIA9xslOgY1cEFlgOcPG0w.7K55n9mjnhn8GYfu,243
cchaddie180,EdHIQO5,$2b$10$B1URDyoNF8y7AJCBTuTOLur.jTctW2n40iHpxtIfguj5RS8V21XB.,244
titos315,xCUd5lb7R,$2b$10$Hj7jyAPRBU1/iPAYW7yYM.2FYACb5LvNHcbM8a6RL9J54/F/lUoj.,245
jonas434,sMOtvsOvYy,$2b$10$SR9WZ7hzXI2sKP5sV4YwM.fLH0w8iQJyuR9wnsWFWGDzgyrdXRd0u,246
ilse532,IfMjIuhb,$2b$10$ihSavXaHKG9OSiouKDwTA.KLVKShHGyc.Dg1z3lJdv5kxY/lbirUy,247
christi603,odomZlvPABq,$2b$10$jQKcU6wvvbvN.oE8OfMB4u5RFvMqycUMUAslJbu2SfLYz0he2at5O,248
ida154,zqo5RXV,$2b$10$zrmpqcCES2WTEKfr0dcxh.Go9QQ5HqP/8kqgZysUvxcyHSikrtJmW,249
albina686,m3RVnIl5,$2b$10$45C9jHKlB/pzHWy6TVHQPeMTw5YpTmuvJMkaxujmAQ.LCYUTEXkg2,250
phillip490,udcVut4d,$2b$10$SeA7G3zthmZ1idDaSHa8OOcdr.gVf21mxUX7ZNolVz9wE0Tz1WWo2,251
verine317,2ifbJc5EzKXX,$2b$10$/vIV6p8uL7ZiFqVhaXXhfeov/NO.EklNjQl.Oyuc4sM5aWVjD1L3i,252
joeann530,iuwAf6,$2b$10$eBythbvo1IbhmejLc7GxpeHsFCL7XmKPe1P2JPjSRUbFVRaQcxfSO,253
alexis983,wESdlgr,$2b$10$oiTSfoDQXVf0QIb8yjDoCOwoUVI3fVFv4chshxL/kdvvIfCFK95qu,254
joel399,KENmQxhAqqN,$2b$10$BI3u4Rng5VhOktW3h2/LZO9.jSl9hhCECHnHzlQgioENoZSOcM1hW,255
albertine615,4JThruo3f9UP,$2b$10$vzKt73zcz6ZCb1KyVW.PXuJj9J5jofNXVS/JkslXD7ojR7gp7Gkra,256
sibelle521,NSBbojMEn,$2b$10$ztLfjqxRf6LDokYZk5g0heEtzIgYbtJJYbyvoy986CROJMHhFd.sC,257
elisabeth655,KylLVUX,$2b$10$O4ichIEGUzmHYPNzXuD8ruJ29bv92RncbJntGqdnnYH3S2Uhws706,258
tammara323,Ax24gg0,$2b$10$f5DkJ5xOWzKNnQmE2pUayexwy3Wj.qkRi2C8aKUDe3A/P8SRDB3RO,259
pamela796,OtMGks1p,$2b$10$Eu.T9r5QSF0koYAKUzqEeOeGN3qUAHVsSk1tyAO0il2btrgXW7dJS,260
carolan412,I8qLl6DcQT7,$2b$10$QiwkfrCA/lcisAdXsD0g3uVBgWyhL98qZasZBxFGKnzVGhy.LVEl.,261
aaron187,PaU2AyO,$2b$10$FigRPWo2ZjvbSbW78ehwyudWUrYi2zE5UCuakZQ0EAky34YtFCqm.,262
gasparo560,ijQn1xbrIL,$2b$10$0.TU3cRiLIHUg8RW9CG1cuynFITFg0hsBoG0.uUHZGhMNL9bk.nFy,263
bartolomeo683,Asb1ASkhel,$2b$10$vNgXU95sTYjiegQ0d70ogOI0f.J4haRAoVSW6bJ0kXIFmJG3P3.Ua,264
putnam562,IyiHFml,$2b$10$qNkib1j/q4LPcuy8kUnsfOt2DIesodus0hEeqrpROo/W/Q/huAXAu,265
catlee996,5P5a5P9Qg,$2b$10$uaf7tc8dK44lPOBt1EAZluvee8fw7WZDpejxsDRR.pSn65EHNzFs2,266
rutger655,w4viD2,$2b$10$ycYPD2tSm/26ny4g1FeNlexjjjD7nu/nVFc3eJp244eDkgOJKCkf2,267
ameline722,nciy1z2,$2b$10$xFYD.lAor.ILM2UxHnqTmebzx3JdWr8UJqemJXWSvxl8YElsiWRD.,268
padraic109,93Qtcayn0kHs,$2b$10$6NbTP5VJCmqdPFNDF6E1c.sh5yPkPomM799SwA2vQ.e44E5QMbbPu,269
aloysia620,WfhLXKLp,$2b$10$t7NsCSRNWf0dFWIx4K52resklLfIdKZ0t6Odg1flk1y/G0vYlqaLi,270
cristen549,ZuL3z67OU,$2b$10$vnMAEIJFo3DdUmDN73mlX.gHCJp1oN6fpgQoE8tTZGVmdlSK34ruO,271
winne800,gAzmitHZu,$2b$10$svUzkblaW8dV.snky8VJruVDhAgWX04idsxrUO2IAD/GGfcWZ2zEK,272
jayme487,Y3aQZvX2AZ,$2b$10$o8wYHO78LWe.ggetYyPpIeeuYAKTgfti.icvOFzb7OrKleHfGDr2S,273
denna612,VP7u6D,$2b$10$TGXekHdqjVy6JEGnccN3oeMmkBH2BTyicdMAA46bzxJiTmaX.I3Gy,274
deck279,bjHitRlj,$2b$10$Ef9pihMeH.VNN.7Pk3Zi7Oql5ARiNiUJopMHX2hToV4b/w4p4W3AC,275
lilllie304,6Qu1TqkSiQw,$2b$10$8sbXZqwcrKdrtUXvEe2I/.1OYwciW.XUVSOzq4LfA6ShwctQAGzeK,276
oberon693,YXAvrL,$2b$10$x/yNkRvmEs0n6HTSR5LNa.vqXoNBXHjwG8F9CYzkT2BNEenx.VyDe,277
florian346,d2tyY5,$2b$10$gPeWoEa4culHzU459TXRxuj9W/.sNGysD6wg8QpeZw3vkw6jOo7J.,278
magnum191,Y3R2jlIn87P,$2b$10$IvM20XrR8ywSbn2qXsyKAOqyyIuZ4D352.GG6L5ygJbkyyc0BtIAS,279
harry898,QStUwrt,$2b$10$/pFkCnBp4wJoQiAzakf3TO/YbOuyvjI85yFe7LjHGIVpA9OZaUuQm,280
casey613,w74cK6Gj,$2b$10$NeVadXVc4xLAn/fw5kUsHOhxqreQJhWCIymthqnoJaKq7ogQ6Snda,281
katy212,Nijxrbw3dx5,$2b$10$YrKSqqdSI5RLQOpDsJf0hueIXRL8xQyDeBHiAXz7OEyvz2gTJTj.O,282
petrina198,7XB0TZHL9,$2b$10$IIPhAAqxm2euKG9F3N2DoObzVJbJxt9kn8m/BHXT2i/pp/Y5f6EIC,283
sisile976,VXrA7qC5O,$2b$10$VJ3gpAEN3Cx1g5BMu9trFupPsgZZNPKuYTQaNEmEAhX4eM9.M2gIS,284
laurent825,EQuQ8xIZgwDF,$2b$10$2vv3IKpVcyGqGkoEiso3OuWB4zNvAKc3BssIwsrydlbFAUWU1nnFi,285
joyce469,yKvCpt3e9,$2b$10$zBKE32qczZjm1FZE50JUjOqMpZN3ciLhaQVANLbTcgezHw6oxU.Fi,286
netti410,F7ckwAq9NpAJ,$2b$10$TB65jkOn/KenINrSJ1.R2.GQxzOMgYZna5fYVANHlZTK94fGanNFO,287
shep829,z3x28tFMLrSA,$2b$10$c2smmxx6DmEkzZ075ePwDOzWiox8GZqT/b2nnb8k1dGcIPNkYoiNS,288
wynnie516,NrdzTzZeJ6a2,$2b$10$QxBCSpLjKy6ol4FIi0B2mu1ZaTrNrYJan1J98tIL/985NgSFgIBNa,289
riobard344,6WJRvf5,$2b$10$cdApBeLrjS5/Tn0Mm/RAjeAjuuRMNyVsChUr4/88YdU.y0Z90X6ou,290
shani323,sG1U0FCa,$2b$10$HPyWrNXGQZ7.CFYO3ONGMuVpZjKcSMdcZwVwZAXL0422qnNwOmHm6,291
michaeline344,mVXzfob,$2b$10$3Ng5GWqhvjIXCbLoOKmMbuUAKlS4QbM4nNP4WT7P.9zvRgpd70NEW,292
augustine632,snNMoYh2qc,$2b$10$fZ6sz5c/U7lbj1UDFGJkmu0CoudbEZqAuVvTu18C6pC6PppvjoKgC,293
freeman376,Yjng2CS,$2b$10$kTFVcWAZAbG/CpDYSz8awOTF/BwI6aZvkYQDQgUYEVOcjyAXOTz3i,294
raf292,Tip8uruc,$2b$10$0uU2G5ukQbSRewfInJH6Oekhkinri602O3dgw4npGhxnZaddnigLe,295
aluino726,IRmxI2UWToT,$2b$10$W8/Xt.ofgwsRtQ3bMqbPG.jYgcOt3v2XDpncl/eyRJ4KVy0z6Q1wW,296
ingeberg231,uYr07XOzO,$2b$10$Kyl2/nw2CaERv.oD0AqzsuNxqVnFOf7btq9/WNr0uAHUfoXayIXtC,297
ronnica150,mSZeBW1qHVGT,$2b$10$IeEtg8uN59i4Uu0idccff.Aff0CJR2y4z/dV3hk0amWyGOYQ8cfsu,298
marlane306,SzqA6po,$2b$10$vObuYYIKFqb3uHrM0ZYNMefpNHcxZsEy5hwX0ejhZEmfFvRP0qGtu,299
torie341,h1BhjbEULA,$2b$10$C//sysbk4zKTBjC3RcEJauYbBLDumqVtb3Tl2a.JzfTMNi/tBFxl2,300
griff277,NQpt7vr,$2b$10$sssw6l8BX3gqQVYXBwjgoOmuRbZGF3ZN3QWhB/rnBzcSt3Zc7g0QG,301
orel461,i3VhlCZRdz,$2b$10$Uo/MvseYJhKLDRhEF5e9LODixqnoIyCngyAeaNoKI/rX5NrvjvCMm,302
prentiss412,s1K83H,$2b$10$PhDBRuINef9U/VVTq46Ra.XBitOKTxzoN4bTELMYmGLGA52JejZDm,303
elsie441,Kh2HYR8,$2b$10$X9PJ26Jlv23pNIzD16XLx.uaMLMfZnE1NgQwSkPBuFuXp4mlkzMbi,304
stanislaus987,Y1KOP98jJ9,$2b$10$uq7c7bBc71aAcOZ320vz..lr7pNHb.BFFm/Hsbvt7Q7uyzS3EmrZq,305
alix510,v5Y8WINoaKa,$2b$10$0ssDmkhVIUG1sAnxaeqjkentFd1WBigkyMW.d66kqNAsIOupdT50u,306
ailis268,nYS2texCYr,$2b$10$5uTo7.d8in4JUlZVDEUvU.3qdcc1AEq8THcNDQd/PXLvU5wkL/PlG,307
birgitta366,RH4calT3UTUt,$2b$10$n3DhtMfXtrHLIu25v9rKcuynSFX1N41.M1O0qnvKGyCMS..VUsvPG,308
buffy698,68bKc0XOb,$2b$10$hKSyAWT.Jmien6/I8tQrxOo8D7Ab02LHr8aVajovt9vWSNvfJIMXa,309
magda827,4GqmKbz7m,$2b$10$pR47QhEtMm5h.8nFmrTQse660yKOe/PPUmXF/k5SKIjQnG2K2NO5K,310
lynnell174,CN0JXqj,$2b$10$HKB/AtuzRtGmYQjbqQmGUe9h/N6tfkNRUzBeBhnXgrm9AcBWHvJoq,311
nomi552,fRctmg5Kn,$2b$10$FFMKEJNrzN.moJVE1RZjYOKTF.MjpLIuMw1KSnnQufpjn810j2iwy,312
phaidra445,Zx1Ev2za,$2b$10$1kJzpOiOVYy.S4Gss276P.AGiAWbbqu7n8zcRqxzVgfRc1R6scgHG,313
mendy205,NbiO249dIZ1y,$2b$10$NX..RLtQbquU9OEvRZ3Q5e3ED4k2TXc2cb1MNyFc/0Sta80wgNLmK,314
logan963,J01rVzpvKW7,$2b$10$L0jHKwjfnw16u0M9S51Wdu7JEjrf8kk6bGUJTGK6R5xUcY0fOZbee,315
eunice546,l9Lt4w,$2b$10$dB4gWC4UTUAGlQj3ThgdaOY1of5jOUtsEslqGHohc3ChXF1T0fVxy,316
brear720,ofh4enCqL,$2b$10$Im3TLopJ8JlRa6d.UTbWIOfAdQ/VhLVntvsvFGrdSt9ZON85FrRG2,317
brooke893,cV7ztt,$2b$10$EFM/4hmdz9ptFvWZ/A3pWuSqGjmODp9dedImSj0soyKKOkn78odhG,318
pauly513,boHr1tiPlVGg,$2b$10$dsHSKHmLMqGDRPry9.nZYubLpE/dkIsxxthRa4beh3/yjvIHaRyKu,319
alena474,IFXc4r23OM2n,$2b$10$o.M.zp35KXbN652DfOgt7eV/B7ITZ3pX5vhp6qihYz.sw8Xr0AvCi,320
jillian203,in2Z1j7j9Af,$2b$10$Z31YMHqDv4IxBH.ruvCz2usux4QohM3M5.nyMBrtKyLJeQHLDwMS.,321
corrie928,p5JguW,$2b$10$rxWMfIxzzhNDq9ugJl1df.jrpyWAhnGku1U0LlERIur/vEmQwmt3O,322
aleece453,XMHdPbcr,$2b$10$SiNK5J/Po331Q/2t3.PZ5OEUQqmrzK5vd6CEgqPzDA2HZKKM8ljz6,323
malissa842,33lvGKzee,$2b$10$Dct6VlL4SDqL73tGhjRH9uevEY3Y2N9suK1SVxiPgZNc3E7zAI9h.,324
susana288,kvajarLcqU3L,$2b$10$V95IKvdvOVcq15prw3DwpupDZLPILNEowYax/KF3tQFyfs1wj9ie2,325
katrina543,zanngS,$2b$10$dlwJxEWu6P.kKeV35hTVZubwpUW0kMYwH9bCB73QkhJYsyX9njRzS,326
jesse174,uknT3uAStr6,$2b$10$NZqIWHt01PpyloOtNWjYJOY6G5xYx3p2pI1FRiqhKx9ebeVyfsBc.,327
anabella246,OObL7OdrDv5,$2b$10$PFTL.UV2kcIYsQt0EiJmEOMPfDJmzF1XlKix9/5dKXMivFH7QZbK2,328
malinde269,ndVDRz1nb,$2b$10$vSRUI5OR9qSC1v3C680LhuDEsHdtTa4XWFBpWTeuDSUBos2MtNJiC,329
pattin303,4aoQNriI,$2b$10$2Z.vESI3u9.F7MUFKv/fbeTtKlK7UtCJdKBAonez.Zgc7kPNV8hJS,330
raoul808,RKHkKKY,$2b$10$FPbbOHZ32Ic/coYhqcC4WuV.0/5ReYykJ/ng0VhbTPa.5pyJ8IQGe,331
pooh896,ouZcIrkLlBZD,$2b$10$m6WJNprPMOVGNlFXpowV0eYDcNcuonqNc3oAX0Ju0ypJNcqiZX3M6,332
nari872,AqCPFBEsaIf,$2b$10$2jVLCd4uDsydHO6MEYekxORmBhgvxsEAtqXzVD16jfUYuULViE2Ku,333
weylin121,Pa9oGeQ61p,$2b$10$covJffYZEQaKWxf0NKYYouCqod/yhEwcCN9JkZ.LrWcVAYGjtgq/G,334
lizbeth961,RGiNndMQ9qK,$2b$10$dFC9HcnP5zMzMyW2BhpX4OjLy0gwwB7SkbxP/ctYGpvgxpBGxIP56,335
ruthann148,47DNgfj,$2b$10$H0wgeaQCL8g1Q/op/tBlbOovhCyW/f7vUp8J3GSRNYc1TqJGTzlWW,336
reynold515,fjmMTiX,$2b$10$ZLDrNsgPM2ITHY1ZwzrIEu8IA47CABgJawlEIFR7s4Sx035Dg6APW,337
teri911,beIHjpVbFI,$2b$10$Cr.x.Rue1G6Bm2YMhkBoAOOhRNGQ5FhONBn7EhJaeBCV5W2CYkNm.,338
tomaso749,uKJWCo5sM5J,$2b$10$KCjzQTlmZGj655l5bTRQyexfS6EN3mgt0CqY7caroHuphsWq9fco.,339
nestor284,HUhRFB,$2b$10$Z5CXDZRlieIWse7eBSDT8O6Eovbas/0c/nCB7iLKNFlGgYlU6tZD.,340
darren631,QHdzNiKde0n,$2b$10$nfJYqCh69nJ23t6wO8FE4eoA5BW4Wm3IOKyfJRIHFEU02gs/9QWU2,341
carilyn337,4q8M296g4U,$2b$10$22vn8g2cDnw2wx1mtNYm8uAysnMpN2VqtSaSztfoEZ80oiMBqalyK,342
moishe715,2YpwNI,$2b$10$md/TBpFYXblR3QXgpz9c0.8RsBa3Q1jweWD1mQSFvB/JXY4HMm/R2,343
humfrid678,e8NtRmCe,$2b$10$o6jfnETZRpfj/eFNa5f0puFSR98Z/JAFRtvIvQAw.78eCmNBxYxVW,344
cher479,sSX2gdX4JPl,$2b$10$WNJjhOcyfqPDvb3HU8RRQeoIK6PO6xfaa9ae7hOj5itGIOw9EuJJy,345
caressa527,i876sW4FzU,$2b$10$02soPJ4wNcv.f3jiCKmf6Ol6bhWGT.ieSB6.NenOrCc53i7ZflBiC,346
banky793,J7TrsizNFH,$2b$10$ZuNRazhXLMatPhwAfKOQqeJxHFigwTZXUKrq/JCHIKQxToz9pQbXW,347
innis922,KVKNaO1X,$2b$10$gZfi88DTN0JD5/7OsUKSIOMLrMc9V8mqJxF5U132kp7BR6/xuvo/i,348
korry142,dQJAATaP3OVb,$2b$10$bXqcCd8Ze788.uBbIv0io.UEQ3BOesH6Lm8EbruWv/o07IZC60NB.,349
cairistiona742,FNOqXju,$2b$10$jGxwq.b37wqbxlKYJ4QiHOF8d57PxV6iSGag3FsAIgox5UAq0T8m6,350
hugh673,WzNXNLZJPVP,$2b$10$XbIMOk/dBAhRgjoSPfew5ue/aGah6HFCfAP5VugzEHx0dwdOrzmh.,351
georgi214,vg8kyCq,$2b$10$4CRZZ//JjHrqwO4UTLgRDeftS35yXnxuq1.4BgtvfzZhU7dGh0QSu,352
nealson861,N6qKsOPJXbtY,$2b$10$tCAxYEEkwP9aZq6KjvPg0.L0fiNM9PBf8PYynSZ/N2qJBq1kzLDaW,353
dorris104,H46r20oeel7,$2b$10$nEGx1aOLubRLLIvuKYMRV.JXbq4Hpomp3CwxMukSdaFlKSaK8HCOa,354
omar881,YoSstoLHprCu,$2b$10$gwpV5HpLoJinns/pncM8q.GH.dzhjXPIfiMvHjdhgxhniUHUGRXTS,355
killy940,B0QNJRIDrY,$2b$10$upnwzLzCYLXokbAuEoleu.B5bTwhDzThx/GzwdJyk74diFOT4wQty,356
marshall535,EeulHGVRX,$2b$10$TjV30YfewN3BG5dqd8OUOOheLuIjodzJxO8YEaiY46KJOB6ztoTIu,357
corry996,oGoFIfSF,$2b$10$4qVji8YLJCVou3vv8ob8beut5/R1A2Hmc0qJTfdl9vbKqCDxy0MSe,358
lana111,jBgg5GbJjQ5a,$2b$10$xeSBYM4USH7MOGyToW6WDuJ9lHs4EfazddsNSEOZSeuxThNF9yoi.,359
raynard506,eBZ60m7ZgMj,$2b$10$J90Wfyx8wzuIHZ5Rq7UzwuLsahLX5jaCPuTihS6cQl960tU3E837S,360
janis337,EGdBE2g,$2b$10$X7cnPmVsWfToOc8RGCr5nu9P4Mp6rtwoj5..SuiMveAAQ1t/me4nu,361
fabe583,eoaJonOqp,$2b$10$UCaWNFvKeT1G7f8EoaDwKOnm9cfGjtaBtPkR1qLYF1bZHk1SUYp1O,362
alisha385,ZVk3EB,$2b$10$r9b555q/KoPjsFyIFatMeOmIfamKWxe57naM.W.Ez6kHjSTPRwxq.,363
flinn225,o7wFjA,$2b$10$YO86q44cNmtsc4dIdzXlz.V8AXscQhfEM815LPuHk/.1OXGU02FuO,364
rayshell396,riSeKy2,$2b$10$WVAJQ.t09W9E7..0oE7qf.3VvUC.oIzIdTa8d//JHj/P59Jc1nW/G,365
fanchette426,nozzFteWU,$2b$10$UCzm56SdtsHHDS5jpFQxa.ZOH8Md8p8NiuEyjbqaBam1/9dF8EkSO,366
cleveland875,N3b7vOOzuf4V,$2b$10$q0MeZ/OF3slvOBcrWoUyiOAJBqZvsLvNJnRZcP7rxkRnlN0TZDjFG,367
felicdad701,2VVLWSL4Gw,$2b$10$WQYxd9FWz8VTAtjI13n/MeCPjsmbw76YvQqAgpb1Ft9ESbR3PxboS,368
rem482,VjpRYnv,$2b$10$B7LExpKt07wsMClATO5Ut.XTFwbvOt0uEACnJ/Yl6NkE7CXuPcAd2,369
malcolm287,7dtloJ7DNGpr,$2b$10$9AA0lOow3c1m/aZ8Xo75QO.8VV0sFe7TGid5VMDqFkB23LAEQKuiW,370
ab729,oYwKfJtHYFW,$2b$10$ay4jls0plu7Ae/Nx1iJ98.qrvwghEow8LYcl.CYTFp8s7dNnSCvN6,371
betta195,MWluRs4HiR,$2b$10$pv9zaIJ1/26iMvXPRbcbQ.zZyqbmpJLURUZzuIvZTqDwMeT8wyn.W,372
janetta707,wGE8d2l2IHi,$2b$10$ndzcr1frazvNmQOZPZ5lp.YyoS.P1BlQq/sZlNW1Mytn804qNU4wm,373
amabelle554,6wyH9Kn2zsm,$2b$10$6ovpAUFZBTmEodXBkkw1iOXHLfUHI1nwsKiTwYV3Lp1FGJLQLjKbC,374
rose555,5G1yJZ2w9UNm,$2b$10$lfSuO/wIMXYk6cO.keELwe3zmnMzIKkzBCKsrP7BURcc6Q6KKD0p6,375
arabela391,bGV27ZKF,$2b$10$4J6WhPTY6UO4f5lQrLZ/6eJ6buyoywU8S5RKqSrcG.wpGWmxQCriy,376
marin296,aMPkvM6y,$2b$10$8eE3cE/QvapS9HG.SfhR6eEnTngJmzUqMTeE1zdE8yPq7Y/1Y5FV.,377
hugibert451,YbC0XyXLhdM,$2b$10$blfl2xKgSmlnHA/MWxktz.O3h5HI.2RBsErbd1HDb.fOaLSHrbZ3K,378
dall277,3N4j6hZsm8,$2b$10$.k6H2O8pEi4d1tGbbNjh5..EN00pHJEwKO5yuSwwWXqcctDZlNld.,379
travis455,j4ea1e,$2b$10$j/DnFd9d6KvxH6D64y7Y2elOrfZ32ThLU83oI.3hZgaPkTCilDY0K,380
pammie352,M1UjuWVniYX,$2b$10$QjA99l/k9IL3IWx8iwrX1eDhkV0fbsB95cqK8aRBzaRQXohd8Xa2.,381
tod243,LLVSS4SJsI,$2b$10$C/rhW9/9/cAJPMGjXNjDc.NpKkI8SYr982J/mFy.NQTGpuO2yJCBO,382
bunny954,LzYsJIp,$2b$10$O9IJVUc/RPTqMgmQLKEQ9ulAvgqwN/aZVHgPvX8F/mAtsegBN08XG,383
harland916,HUOx2lA,$2b$10$gVZFLcQSOiM3TkDmSM9uGOMU748I.K7TkmEtk59oGcYIYXPqkw/ze,384
felisha744,r1Ulh7ZYyj,$2b$10$btvmNrQBQdS7w.AAUBQKGePWnaRxT6S977iAH0MXj9LtVWjiHclRW,385
karrie485,5tmMQtpKFqhl,$2b$10$CEQU9luaNVYwCfVgdxivUepydBoP9SbimGqMXi11aralCWcr44Qom,386
randall158,6cWohQaR,$2b$10$YjPS6GyPHJCnzhlq1qrO..6fSPZz61isC1zokM31q2kHgtC.JpAPS,387
vernon546,cxs0O3fqOey,$2b$10$EBlJYDjtwxwuN/f1xcbxeOoDQIaIz3nsh.rtC8qK45t4TGSwaMyhG,388
becky910,M7PzoHu,$2b$10$cY8C2EaAdTelgQBtq1hm8./xvkWDqIjvwiGe5geWVppR0x9J4ZyL.,389
chevy288,fTlzVShh,$2b$10$oIF96Cb1dJxHmP.R59CACegJdK7sPyqxzfu0nUstkIo4T3LfnL0ly,390
delbert250,HN1W2vg80qW7,$2b$10$bzp2y8UGmJg7GjabsMxJIu6SZZYiTeLUTKLwT8/x7l8.j3VMuyNki,391
lilia695,ARSTovFjnOGY,$2b$10$1AD.ZPG.6lOl3WIWCeFHjuNdqrPjAnUQTu3//R2dXIoT/EvIdCvEa,392
clevey369,smoFJ4E78,$2b$10$M8l3wGMV2pIf5pTl.IBzA.fFDedVoePUvjk8hFw.XwaMQRsR1DaNK,393
chloris868,ujsRtg,$2b$10$YAb5z95nyBPCkhnKDgWcEOFSV0RWw5yDgJn0AF221cgpd2XTmRpUm,394
aylmar347,y58qgaex,$2b$10$w7FoOgzI4b15k0HTqjbeMuX7oJuFcqCKHNJpIh8fwF7m56SZKSkx2,395
cheryl888,gAOS3wy2m0,$2b$10$iityjKOPxlrTBAmWg.46UeNg9dmdCRw7FmkVPyND6Xvs9uB0sYBRi,396
hiram107,WUv2ip8n,$2b$10$YSzmU6agEgyDQUfDAlG0Der2gX2tqQNIdp0jz95gScg84GoOD1jKa,397
purcell344,XPDpWxn8u,$2b$10$556Udtaz4nFtuv2vFMynbeE9SiJla4z20UnRt3So8HznTIZumbcA6,398
tadd473,0VyM1N9udR,$2b$10$Vtfe/CqL/vbQNkv3a/ulG.VkTgvW9BkoZhR8iwIJfb/RtGDcH2mQK,399
elia345,YoNc1Ei,$2b$10$XoIjFMKP1kWQS7SAqOJMjuiW7Mmwcs0Jkj.XXOtvNcdu7OjhpBmvS,400
royce145,NBKPSpYl,$2b$10$nO/87AmvWbquTQuok1RBdOvPCBLyiPyqy6t7EwK.BI6VCAq6irGv.,401
addia239,qtTUCNBnAz,$2b$10$Z0SrLDGoTmv6x8yIbGttKOD73PFSUClUmtT0HaKSFFqOSVNw5l9Ty,402
levi615,uvgNRD,$2b$10$N1bfKv8x/Ha1HPP/U4jaweLVBMw8rrUPHOWpl9JtWd7tDR2JaY0g6,403
orelie786,IHJilRa,$2b$10$pw.eFYSgLSFbULDsOt9QpOyogRMGIWI6/OUqYWiKEqhM.kRmBdTiG,404
kelley297,IybxS41,$2b$10$mkSLp6DHdaJbwXMke5HQGez49eVmpOBQBP7of9wBNS2BKxPCmrIPa,405
ingrid986,3HMu5T6aIFaW,$2b$10$CEm8KyEP.OLHfIK3oEg3CuzrnsQoQvgKVEF..nWDPncg03lGAVyvO,406
mickie922,KyTWzDKa,$2b$10$4SrFsenIReM.NYVAumOSDeZlyQFXyCYrukKyoH435zsOIgRvKgqI6,407
terry308,ZmwteBjmb,$2b$10$CBD6H9atsDSpQq5d9IP/ueGAxWhz6OwlACZUOum5UqsBtdrMxZGHG,408
margaux872,dgRg3E,$2b$10$v2dP4Ad8AWunmOxxXITyYOHgDKjTOzF20NGZfDV.kvzNCOmADx0oC,409
dom500,yytFypa,$2b$10$Lr8AYQ2yxkIJjVvWL2wzUO5GpK9Ef.WoIrSQVewC.62LVxW2pYrY6,410
joelle513,Pcf8lXwC,$2b$10$2e07947TGKu0IUNt/3tEd.Vjt12qrTLUdajOWGL.51w0vYbiC1hIe,411
nari637,ITW0rKw48,$2b$10$bYzjtP9iaEtpM708LiLGwOLzPArzjSuJqZWIG1y/O2pF9UDfJ59Wy,412
karylin994,Ot3HGF19qeT,$2b$10$hXpg1pjYivYcWL2QDlvqj.96NiO4zGmyr0klacBbAQTTkhKW2m60S,413
hogan527,aa9gZbQbD1,$2b$10$zymyDxC4qixfR9bDc/nTPOoJxTXow/M8VhswfNr6Vvnd1KeQZ3Uja,414
arluene604,BKjNyF2kz,$2b$10$sU28TSFL.XJARkQxSXJMB.ttNrRQM0sTpohIiFTKZnOq0TYYXQjR.,415
leona916,n6PoBms3dvo,$2b$10$3XlyZU2hZxkqcMGIMHff3.77/uVyG.Xp54w8lbfxal4.g1SlAue8G,416
tess927,qvKxZAqN1M,$2b$10$buWVwMWaVU21GEzI9N9kCOvm50h.QcMI2AkstRXpgg3mdaZSBASTq,417
spense686,xkA4tt,$2b$10$wmrMkDiVgba3BTJBtxnUvOskXYWkyh3kD9Nz62NdpXhWm9/KpTiCS,418
russell859,zizrjCTQzd,$2b$10$MUdecmc5PscEwhpBw/8tTOsbtvGD6Lj/pg7Bx87pgfUs8j5tn4HOu,419
hermine364,soApDAa,$2b$10$/reSAV0bj/TBBNl1sk084er7.3Pf.f3h2PWUJx9u/CKG5ZuJjVUGS,420
yulma483,HrungAiHVS,$2b$10$qFnu5BlfwSMyUoUwTlv7BOgpWHtHLvapgRypdVm21TTaQ3q5Y08/i,421
jacki740,dfjJaBu,$2b$10$aenGA50eDoTufcRdVJpBouOM5MdqQNaOMayJ0z/yvHRkJvYSvANYS,422
deeyn576,lDKSdQCi,$2b$10$iZZZpupt044KglXgLFKD4u69/xzx4sAtuGKvMMMvp6N34/HVW/VwG,423
christean647,bq3dBGca,$2b$10$EX0CJGFzE//sDUVRlvGs3.Wn1DcRJWAoTno5EUkVMgSF8dAk2mGV.,424
grange627,dACMbrjMyec1,$2b$10$AzFnR0kE4gUtkTP5APQ2g.7x12o.5JFiTbibKt4oHG6h0kT4zwR22,425
amalia141,LgyTv5QxoV,$2b$10$6.1LKQnq05jPt2MdUiK.UOJ3Rf4QDRbu7lrbSQq1LWX9sSg5f1TEy,426
rodrick443,XRRJhqn3f,$2b$10$zJIbI1O50o/fglcujgPuduY8ao65eyCXgOVhZo6e/dI8CqxkKSXge,427
bing764,ZXN0o8LJvl,$2b$10$Us8rZ6z9KhBcIxfm7wQQUezgC41wl0NtFAVVzPQin9J7naa38jO/u,428
iseabal277,qyu2DOtwn8,$2b$10$emJ3v6dR7jBb9IC.gKFihOHogAjBZJmUk5eC7f/mpAx4S4iOs18j.,429
chick765,c35rxtwLGInw,$2b$10$WZ7PrOBZ26ynTsiwibDY5OyUjby/CITrWae7GtHznVjDih3eMnoXy,430
corie913,aAHZ41QV58La,$2b$10$rZLRUvgm14eeYL/9OhatkebdtXr25ACYG/FDJgrgOigj9dC0PQhPa,431
shayne257,AhpMdQ,$2b$10$2hfgVAMq5Hu9OosXnBgguOyOby55kE5.dG4bgZVeZWeS/f7z41FJO,432
vivien769,PJyG23O3b,$2b$10$WC33ezIPtX29CnP.xvITvuB0uozjp8F5hZql5v/8i0F.os5BRoFXO,433
elsey303,Wb8lBwT,$2b$10$OK2Bt.KWMcpfwl0nZQm8luaTOYf5BDe4U4mzEfOh9JSjrZbymKeSC,434
iormina765,lZSORr,$2b$10$.YVmalBFkKzeUm939BOY5.8K2U8sNyG/PSAMmwxQCkD9oLLNZTdFy,435
reamonn250,kgw3W5Ta,$2b$10$CfjRXZjQAfwlC44Y/Ktk/utL/sQQTQeXdBj5b9oPF2ar83T0ZElKG,436
bent992,X8e8KhX,$2b$10$vXn/AKIcs9i23k.B7nI3XeGc6fBVzaegjj5QygXmn6ZrLCw8vhLSa,437
barney103,Mn67oU2MycBv,$2b$10$1ntVJF2KJdIqqCBLb9bvGOl9MSFhsHJ0PaYU1mUfEdwDPcMsAcozC,438
northrup736,cDPf6bS,$2b$10$DRFazEPy7u5xILybR9RQo.e087jTa0ydPL9K2XKt.2D.t4jerJ9dq,439
stavros891,nk5PoRb8cvG,$2b$10$MQcqgwGr/e9u8yZlnq57ROec.tXc3e/IaYRXU7J2fj5qXlkyoLI8O,440
clemmie250,0oouLOn,$2b$10$j.SwbBvfPflMEqFaNbDf8ucwZgSolKRXfzhyxnOE3Xap3oMFeDYrG,441
izak907,OF13fpI4QV,$2b$10$iPKjyRABZVYpgxKhGEXIPuMerODxGb2p/fbMkw6eJSz60xK0kMLL.,442
jermaine367,Mje1eV1xii,$2b$10$QS0.2ZS4sRym/v6EzEYk0OLoqZLq8TsjNY8JowR4kcs6esi2bfuN6,443
joell418,ftQlfCaSo,$2b$10$zRGde06s8L2Nohi7.KlzjeU9QvVPWCmj9fWgQE.gXL69eX1tGDb2W,444
alecia966,qKCyz8blx,$2b$10$95Cy7ozUGiEVXJhUvV5I4OmuE1LSvARbtFd9JZeTFpM7ZSClhKBAC,445
hamnet317,JFE3WNNQx,$2b$10$z1Bc8nIKqqjhM9wIvs12fecHRMbleySutwRJT1ntM.p6JL4AJp6Ii,446
dollie970,XQQFqk,$2b$10$GEqvJ7IIyZtZ6YTVsnau5u2RdWA02DciWu1VX3qU/qFweaQ4Bot9u,447
janelle712,Qt88K8Bur,$2b$10$pgE49yFRaJLTFehdrQPJ3e44OEsHHSSsZGNzYbFJJCk8g2FHqbn92,448
lionel587,9G8vu0NLs,$2b$10$YDP2Z4CsdWgqB6YVYQmxieyBexXREUF8n7Xgcw7fSXVMI5PNpX2CC,449
worden148,92rIVIVR,$2b$10$pKpZuFfYfY0SaboW5I7ua.qjwX6swuQvqefQpeUG9.S56JPD9Q1bu,450
haskell147,K0SqszP,$2b$10$UavtHOIe7fSsW3.DMKdVMePvhEzwGW8c8PIkNE0rcfv4SN2GzzE/O,451
natalee771,9Mtk7a,$2b$10$pDVQi1ZXwo71gvgXeDI92.ZnbFZLBkxsTsJBGv6o6vuOBTPkTC2P2,452
bogey140,uBQHFfC1,$2b$10$dWfZfYgtFjRbPwxrcoe03eSSPoywQzZhmM9klaQ8NP2hdwa62NCxy,453
kevina684,ItUhoey,$2b$10$V0ToKXbyZU2FNCEAMZJ73uX.HvHNjmR47cY4/sJfDSdyxyAEIjRry,454
vernen726,gIKBH1ef,$2b$10$jOMGsNI/TzdRlOoCU024ieCBh6gWT/ot2sbdK6abMmmGYrkcEQ9aW,455
dara190,2q1qv1S,$2b$10$SeiQlqbENk6i2UmeQEFhJuDXlUe5EedbNooJ2jM8Wr10hZ2HgwIu.,456
debera184,SaM5PpODz7nR,$2b$10$vbibilk8XcQRzNuKwKDf1O93fCwFilCUM1UKZIOZforfG98gQLqUS,457
tallou457,CfM6ru5vN6,$2b$10$uxhfL/FETxoQr00p0h0aCunOOy4XzgYL8t.s27zVPu1bP1BfcGcWK,458
gladys732,CvPZiQPBgo,$2b$10$sNvChY.LL0ClTlGr.l8FxOU5uMSDut/7oRtFAn7.yXS2tP.C.R.AK,459
port980,JYRanJr6,$2b$10$cHftcIbKQp7R8eGobtrc4e3W31Z0LS0IMeRe4Okpc5QQXgtcITN7q,460
tamarah279,Xf8t24yj,$2b$10$UQXtRXd/oCHd7lgtg5xz4ePxTQUr.hEVXYXKR7dnMFB9zIEOo69k2,461
lee398,OzIT6p,$2b$10$XiqjmsG4GRK1g5dxkgCYnuI2ZlXrDNyo8JE/oT77Z5rW8wdiTMlQy,462
michell913,sPnzvS,$2b$10$eyW7Ono92rU4zWPxP0cG2OEvV6oCFCX5OcuVhX4vj62z26auSJf0K,463
devlin357,CunrR7,$2b$10$xvr.52vT2j/zscHuFeUj3OM9S6Iu5iD5iJ9m8EAFPpq7LKhgime/O,464
quincy115,pl8g2U,$2b$10$H6nKBn.VySXqDoWOOSDmnu28Vbb816WReeI4MBl3x0vkzK.Km9jAm,465
kelsy182,hCQLf1c,$2b$10$sxIiVCCbM30WQbCzGSuKaO7qZrOy5NSQ9ooR4g085sBhsLmsMVHMO,466
verna268,r50Pmq,$2b$10$TjMLwUnDrfBcL/h.DeXm.ehDF1/XxGx02P5uXH/.x5iDoGY4mks3q,467
jerri466,lJyxbEsdTtk,$2b$10$WcisoDX316wVyqep4DBmA.4RbOxuSMBsz4KIWj2BZyFogynW6xV7G,468
lauretta897,YXjFpKO9zgei,$2b$10$aDlGQq7vjToOr9v8VLa6OOzmKTxkdWcZWE8pSey6u3vQ4w9/XaWkW,469
bernadene295,KEzQzG,$2b$10$Zz2oAWQcjVvEFIjF4tvSnuSwsPeXbHNKVur980t5psfqDkP4InRTW,470
delmor137,BwS0gdpC2WxZ,$2b$10$2hCFyrW1WOuzbN9/aM1cLeRnHpBjISDGESTUdzP86Q.H9bIb/VF7S,471
jeana103,8OwEKY5pInSJ,$2b$10$BXz.5C5LH3hf1NbzoYy6VO4.qCxethkx0B2YVdVeqBQ9wX4BHnz.G,472
nan232,bKcjuKMiW54,$2b$10$uDF77BOEMacJU.pJuXglmexLySeVbFD1hzsN7mIjbaySsqxIh3tcC,473
gwenore300,eU2Crc,$2b$10$dKsh/FT6JAy5/iHT5tuWeOMhGSspjvbGpcRoPAGCNTBhJsxGR5X36,474
addison262,Jbywwb2p6,$2b$10$UMJQQc7fb.8JSvh.aBrlK.eBhHkPP.hSG1HGvoH1Y43qrLr0KkhX6,475
hilary637,RAQrpgqmUhCd,$2b$10$.By/Iinj/.fkQRbQNFC9VeY6H2UEWtDy4bkHGByUxpzKkXagUWOq2,476
walton417,So0ZL9giRL,$2b$10$D2jgQVXHfr85I6wpWsqn8.32/fApk8JynSJkNmNdeLqyCarioVh/y,477
alena941,jrNMY0QlZm,$2b$10$c.42XjNIQ8P6Cun3FZEzVuKoM6tRLnS.sBe2tSnhuZw1SenEe2PM2,478
suki532,x3GdSQG,$2b$10$8bfeLuIPE4XIqWWPgTjICucOLfVtmqcjkd2i.KhNXzL/KjJkkITkK,479
hayward675,vMr4yASLk,$2b$10$FTWjf9qApK4saXFwGyjz1uo6Y9r7pw3PnxhPzAtHdcsWjxg7UTG4u,480
antonetta599,FjTa9r0,$2b$10$ewUnMRPT3VMjJruWK7CAwuVlU3HWDf5WpIruGerHxasB2MvGJiS1W,481
sean576,aA7wh72,$2b$10$zePfCpB1xabKZgomEUlqA.myadk84MOPIQbBNT7qqrYhTjbrWu8Wq,482
nona362,3UQhJOchn,$2b$10$FbaZmLK75E03GzrC98lKHOGibj0DpVGB6VMYT2M4ZQvnk22OJyq4O,483
taryn903,6RkE77HK,$2b$10$16dgojgXpoAgM2A7.ZDc0ecGGdVBRP.JPrILe9rIW382KmxMahdDS,484
guilbert583,1wTWmIDuM,$2b$10$tqGls2louA82U/Ah484AyekEEqxSFJXr7CKcFtIAkenm2Xw9pdN9u,485
lynnett437,dbvRd8,$2b$10$MM0bTI7plvAtcBy8Baw7.ezjepcVV79n1PXlA2CoWTHtcKe7vjupy,486
king934,ID8RecWrH,$2b$10$NtRv2RBhb1BxtTeXKKNdGOoTlGIwg5Sf0c7vBzucvIorLwohxxh.G,487
tedie516,xCdanlA9w,$2b$10$UDs9MamwsqxpQjsoxjnb/uAkN8VLONhxL7QjtF7QbNAkAyDEsgjS2,488
skipp127,LhqmY0tVUYU,$2b$10$QBXWkd4ZENNAUgiB3Xi6yuOvIBJBjbmAJAmLhPCp2rIFkZYfxZ1G2,489
ellene343,lZcOdxMD,$2b$10$i33bMqysBjza3cXyqsAQsumgr59F.3J9laXS55/Ma0NC4FVOqjz7e,490
rowe973,aOxWoJfkFR,$2b$10$D3VSbw7OKBGeGRp2FHljh.LsqbJ/CCOLlSJTE5sMzB0lpNh8L4dt6,491
chauncey557,fp5vY6Xc,$2b$10$s/Ff5JmSOWVyvx1PYPh57uMO8F..WS41yM8vEgGWHZRpIGg/dy4AO,492
valeda694,CUOGbCc5Zti,$2b$10$ILSZJ/345o8y1Lsvr.jw9eKOs5CWGTsUxvaJ/tbK74jRrgrhlMP4a,493
harcourt903,Hryvitj,$2b$10$2QOvRyg5wA7fgoB2LYKbe.n7zG.wJi1mKvwwpl6H7LHvlSj0ChvB.,494
moreen906,zi3g8KnGh,$2b$10$itiAvELQNJpPN5f38UXiCubf3iU7yY2LXCnSjKKT4AxzYwW.SLPe.,495
joyce731,JjEnqk,$2b$10$5zaWnq5/E8YD8SU6.t2T1OxdjZIANQM3.SmbDFJD1ikJR0rAkym/G,496
jonis657,8StjcbuGMn3,$2b$10$Yt6aGhqT6O3zJ5ahjgCazeMuM3u6VnKK4hTEpxjlC5/enE1vXI8qC,497
fred399,YAITpO6b,$2b$10$cBE76vcZAlTKLgf3Wc1u0.U4mqDLehChay.iGeo.vwx0x21o6QddO,498
gilberta445,GNuNAeBYikIt,$2b$10$DaIKLwt8jewOP59tla.sd.WpUoPBbel0SO4ZUMsxpdXpNaY8BBFbO,499
alon810,w6o4xR,$2b$10$yDH1amutQZUT8vuhvZKXW.Yr6DqmyNXGiUxOplWrESXuQKdjXUAHS,500
cesya845,5yBqlZ,$2b$10$G6shZqSbOCqrKhyAmzQXoeC3UjL6ecg8wXSX0r6c7b.juCrPVdLJO,501
tiertza452,XBz31T9RP,$2b$10$4KCS6lZo0HRYQ5HKLFKk.u1i62SlpG.rngK5EHDBPWKTzyq7FTqVu,502
othella647,5f9DF4piNcI,$2b$10$zWvoIOFbUHt1F/QTQh2cEeby2AOnMaZby9lCAvp1pazxVcViFGM4y,503
derek290,EmY4xoTcesi,$2b$10$5Optsc/K5bjIVzvP.cpkF.ulpxC8rNTaec7eWUziL72wNpILJGFaO,504
aaron702,rFCngEx7W,$2b$10$S7IYwuZnrXvG0MUMzl5qreLCVdVW8EHvoLYBC.5xmaQR5J/dAGSHS,505
mercedes914,rT4YLbKP,$2b$10$DME1bNq9r7Py37eVcB7uT.w5.Cq3ZBxrrcpfrH/Do9TE5Ea4v2LQG,506
harry779,OM5bYL974M,$2b$10$KqtEClqUj5ALsfmIYwcLDusfcIDKfCZ8ni4tI8vBCFIIvR2t9PZiq,507
fiorenze593,aHIBtiVb,$2b$10$uGCGyEb3QN.MtZpE1SMsTeogiK41.kn9XluWFpqJP7Z8SHoq/Jl5.,508
edie272,raoXzgvx,$2b$10$0r0HxpqnJjfPdT18gu3oPeVH4P8PSXAEk1ZYaPj1YhoQe1wGiRQVC,509
juliet776,EFaJXnwlR7E,$2b$10$8zsTPYooEznWnI9ilTwMP.8uzMWQAHQwUVA0gs6X7t.X3uyK07Wni,510
courtenay966,mmszvf0O7,$2b$10$xGKNeGX7qFVRPxRDXIM3wuvLB/7GnQpEldNu1/z/u3Mbb6xvj3/m2,511
carmine797,3atPXg,$2b$10$vcw.4agXRS2RwgM6d6U9LebvcYMM6tEm8Fv8/wXmd5xZMjvP43Xj6,512
hilario167,flPRa9vwckb,$2b$10$NKbk22JqIlBHg7BWdwhICOwh9UwX8AkS.Wd5.v.M5tqCcIJ5ozyzK,513
herve405,kqmDMNqOJ7Rc,$2b$10$/ysdfS/VrGykYlPgG/fh1.8dCfQM2WTeB0p8CQj.TjyWmE1cNo7Oa,514
emmaline938,Pv6lwXH49B7x,$2b$10$l3VbvN3Z8IdGgdiFepaEH.JA.wETBqnMdPVeWlL9ptlIuIbIFrKuS,515
ulrica680,xLXb8qA,$2b$10$jwhhHpB0p3.RV9CtiH.YxOptjMp9hlr2UWyF1SU8VHZ9WaGkv8GJS,516
padgett562,n34ZWXzPuvms,$2b$10$JLTpWdqAcg56zL1dYPqXyOyMGYa9PrvMM08xRdEgfn5DZaxr2PRLi,517
baldwin394,JZlB97wOF6U,$2b$10$AmKrulQDS20sA5nuMZUD0.ppR4uHBoJgEg38J.w4w1b8mqDapEoEO,518
forester503,mmEYJj20,$2b$10$4uyS7qORrLGIDyNrQkKyyOjnvPEt0A.0sBBLapoQEo5ePfsPFf9Pe,519
craggie380,9bwsPDbYLY,$2b$10$0MMVxI/EwMgk/p.UBH.y1uTudrrA67CBu8LMWqsBebDVM0bTeeWI6,520
lia696,tD4YHNJUWSk,$2b$10$2oRm4AODB0pcvbN9/0VUdugn8mzR/e.kg4MPcTcnNxlurx2BCv.WK,521
freddy127,deohJIsQue,$2b$10$ED9RmmCzYMFAEpxWnjX0d.XQ7hpIcgQT8YwbT4j8xhSWCSTw9wPeC,522
ralph255,Ubnbew2ONgHl,$2b$10$olAiL.ktgZuD6Yl/F3svx.XtB2jgBxqkSEk1g857tFjCo7AJ0UhMy,523
ramonda290,3vEFFMIttR,$2b$10$hpRAQKpgPd7MghUXZvHinOzSCb4oY/9zO7mH/1rxdvx5mfaUfHrY.,524
modestine253,atW28zK9mbK,$2b$10$OK5bgi/BEv8rugIrJmCQoecxsUGshtQrtGiEKXGzLLJpRRVdRvm2e,525
elsy538,GKm5sDH1fSxg,$2b$10$XUNr/PhEyUSKv2TIToiuVOWMCefLyQEYgOzlJo6TdcnB3QVw/jUZe,526
garreth209,tN2Tih,$2b$10$8gk.CrbkEZRzXr8aHdTbruJ8chHedjcVfHcj9deYL116uq62.Jqku,527
darill588,CKmHNzz,$2b$10$dVsUQUqEf1aWSxkR3Nwkaerys0LKpY2mpzEiJc9xIu.u4u8c9QV6W,528
adriana915,4svPyhh,$2b$10$Wi1zWwLOOsSJG5e5b0dBk.ZZJ7T7sZFleWVB0ezystln/utstjeJO,529
warren479,qxWmnpd,$2b$10$qx7Y.Eex59XkfS80l7pKyOQNgNGlChRHwSxre7PS03kxCCivpFwqa,530
iain477,wSTQoDl8gy,$2b$10$GDlVUfgXvay/iXZYbtct2OuhT245hHf7f1FV6bKIZDvAZUyYXxUoG,531
desdemona281,PgtB1TZMAK,$2b$10$LTFa9csZuv0QHDKP19S/yeEE6DsXW/aoIpD4yjEJKcm4izh2b/78C,532
alasdair941,JDOyy45oN,$2b$10$OnCqs7pru7W1wRNzhMoMreD8j5vJIaA5xTcIlDW4dPz63drNu90V.,533
kylila478,RVY7sbHcEMU,$2b$10$kuW/aUqoeaU7cXYupAysn.96Mc3AZUOP4oyro.xID8HA/01uvP4Pu,534
darrell144,t9PMH4p9,$2b$10$rTzBTXnKRTWh.pJJEcDdcekWgcmCntFvcgVe6S/eSiUt/K2CsXIGW,535
laurella894,CnI6RjXRFFn,$2b$10$ApXc5An3KGauXr0YEninqeRc0/0fehL6Z4UhGPfrJbtC.akgiyyES,536
randy467,bvEOdEDkF2,$2b$10$0Q8Utrmpo/BoogHoLxhUIu5px/a0S51sh5RzLalkGgnD4WQczc6aG,537
judie528,e6xpA5pm9,$2b$10$sIwZFJyWVOF.OQShSKGuPOG4rL4nxNzYDVMsi3M7.HPG3LmNljtpm,538
haslett597,9Hu5vq,$2b$10$Y4NqeLCXe4I5le8Boskbc.9ZlqZi3If0UhcHeDZcUvYW1RtgaO9Ey,539
von226,0J1JXJhgEu8,$2b$10$csps6H9Wilr4.Dksh0U4uuEbPvz/apotavogi50Q9A9xJuoYNHfbq,540
waite180,UofYZdclQ,$2b$10$IPMqkRLxKIWv84ZWjrz/ae0D5QOH0lWWe0nZjDtcCLPflWPSgJKpG,541
patrizio707,13sG3Y,$2b$10$qpoudL2AFL8kcaDjGXX7cued/QZW/jwy8zPb5VaNJ/v/YcKW9YMjy,542
tammy832,IIclDbx,$2b$10$G7rrMPPHn7smmUQbo6mCB.NGgAPAR5zR5HW4qpWM/Oa4Wu7XcE4su,543
petronille648,SiTSIXAWj,$2b$10$v4egaTBOb4tOsfACVJ5oIuEiT2Iw8ZzftjMASMbSGJ44icrXCRZ8q,544
libbey870,5yY3mQrWxl5,$2b$10$a5Thazf3/en4OXe3zQRpVu6lDVz9C.Dk8PcWlECqVaHXzwwlulw.a,545
keane298,zoAFVJPm2f7,$2b$10$P1xYJ4L8IaEPAdheANn5rOihvSssGs7o5.I01OWAXPKANDNQwxamG,546
emylee441,mP0akO,$2b$10$xsn2cI1PRVCl81k.JdpVtuQbHZXsIKdVlcS/gUdaX1eYVQ/jjCC2K,547
thaine345,yUUJM55tCp,$2b$10$X3pDMGfHQNWgw4T8ISYDuutDWK2HBCzwq5UBp33z5OfqWo3cZ.Qlu,548
fan729,XcY4xGTt2qf,$2b$10$F3J8GPLTa2hv82QJT/CuBekXjLdJYoDIf22zXFLadaPYmsEiYg4KO,549
margaux247,9AZE5sK,$2b$10$IzogXu6Bzof9Om2O46k14eJWKkaBpGkEB1FWbZZYnAOa/05X6myB2,550
abel989,MIVF7b,$2b$10$UYI3JuLAjHGFFTVJ/YzxPeuV4mVWXx.RtymVAZQwxDoYiJ5D7PYBW,551
ron621,JpZOdqxcZl,$2b$10$iKBh06w2FEI4eKbNPmUllu.e56ZDtU8DkMVhyJdgID2i/kS4gOqMW,552
geno436,SnD0iu,$2b$10$fdQ7YKPpBBNGu6iS.VcEwOIq90f7deijrLXy8lV9FMFAthfnRlh6G,553
noble278,tH8xdyroTue,$2b$10$xfmsyFtP3geTHCaB/ODEyuSpdft5pxkaWojRWVqHc.0FAUPa.zdtW,554
xavier435,4jZeOl,$2b$10$AZMzE1YpiL56S0HbXYffRuGMJqSWG/FCgmlHMvfCeFAE7xu8FLLJy,555
clement544,nhbBNY,$2b$10$0vg6qwc1g4Bngbf/07M9s.QL0w0PTj63FLBkFY7Vn/aKIu9YorzCC,556
gordie190,Y5V2uqI8NP,$2b$10$U0aonZSQhk5U9.aHZb.QPux5HICoG7GfZSMNfLsxOzJtpbABxBkoy,557
dorthy638,EJtu18RLg,$2b$10$QgY.ox.yY5vG8ul/ugLKBu4bGwiKFsdhk4vuv.OGCKZeq/QbWkz.6,558
odelia726,LP2OwTz,$2b$10$SiZQllsRvti522/hiUPNWO5RICakiZ7pWnHSX9nwcWZnGQjJJ.a8C,559
zachariah136,KKv24uSZec,$2b$10$koe43vZ7SqpsgoV5jXOXUOSxxYn1jT6weVa3ZyDqwONg6OH.C6wg6,560
helaine523,2o4c2NGWdn,$2b$10$0xIUl9teqMgIWnMIm2rOIu3NUxST.iEYn3zT35jrCrmALDQkDksHC,561
locke948,32MfMWQea,$2b$10$ZDx3wJHWMfRqVDOicZ2SuORPW.RGKRTCOzvpBU2f.fraaRZeNaviW,562
wilfred458,lJlGV9Ze,$2b$10$tHxa/AHKwsM4LQ41iP2e/uiVqfVfp9mnYw7vlveHe2WGmJW3ENTIm,563
marcelo759,hGy7DMYLX,$2b$10$GXYkS9keaXuTe5nf6vRLwOM1ultNUmwrPKEs1rgtXlwUTBfyXEwJq,564
kathrine927,rxccLnhpWMW,$2b$10$KCObM9qbCA.6vj9khYdS6u.dqAp//gGkTA0b0iM06zu7BU7b4Uinq,565
filmore617,EVyIo80t,$2b$10$WWl257Enh1Ssdw3M15nJ7ue8vwlCSxZAoHMZrDb2t5LqLYhaxGuIG,566
avrom672,QgdgCgYE6v7,$2b$10$aSckpLF/3JPYfZ4jmIR.Z.caUtm726Gxkzyq2fc8tOy2C41NMCOnS,567
rochella389,cs3Xv9WiReL,$2b$10$IGPmvfSAnxGk2SmN/v4JA.EMmr3v2QMiclHxL9LDjDx6GiIfIGDDK,568
hally131,HQ5wBQ2OzOi,$2b$10$HtPI0xLucmqmHSkw.L65mO94B.NE8aVnKPgwAYyqW0XJ3EkmpSqNu,569
wallie822,3ANJG6Da,$2b$10$FWbgS5tzgLLaLKK9U8fRIOW8es4k3vZjtee7NaOIzBgt/FuCx7Jum,570
cammy947,krkVLW,$2b$10$WVYPNi5iwiRLYLVAdJ2enerHjIYNm/9ya1TkeCS43LLiTtX4KsYDC,571
arlyn730,k32Fal,$2b$10$sKbKrX0OXoRA/OD5hvoMau44VN8rS5/LHdnZCksd1xnuOuIOqyOzK,572
wenona282,VIUl0SJJt,$2b$10$dgWhcfbkW6YKhvfW47M4L.9IDUes5xafV9g1eIz1K/an2AP2acNBG,573
egon818,7nEbNWZKOE83,$2b$10$HmAkGhvwmaVTBmnNyk3cluiih7szFfL4vJKaNMAnwReG6o7RLWDtu,574
deerdre284,iNZEa6,$2b$10$Vmw9qcpfOvJ4TZG/BvokPe/gZp3Jvb/g2WVCK4EYm4zMHJ/BeSGgu,575
bing474,mxhNGQtI,$2b$10$tiTsd.KTTuoQr1Z9nEcQneErorZjVJVoB8UE2SmNcQSc453NSXREm,576
ikey143,YXDj6F4BUGF2,$2b$10$Fb91u3d291V/oJi0cjXJUOCDxUVAuawVQRk.jk6BOZVu/GMQnCG3S,577
alfred756,YPt81LAPX6,$2b$10$aFMnvhlvcjf6wZxfpNpmt.EMoAwMkvsSD.sqoNwVR6efVVRphk1Sy,578
teddy636,W7ZcrqaalY,$2b$10$QlznSjNUqjZuJDcDoQVd/epU7SPW6RrH7n7Z4GVC1Pw7dPZ0bmdmG,579
eldon236,ouwSm5mzN1L,$2b$10$FJbOPjUtKPmgRhbfwHzdy.63XJbBJIpQYEXrNlAEEjhNRH8iAyL5C,580
cyndi515,nr5UT8I2dtb,$2b$10$.Q1rK7fM1c.IJ1x3ooS7ceRsCGZLlRr/.PK51U.BGFkQP3YAMmvlG,581
saree234,GWCyob,$2b$10$Hf7c0fja3XYNi9HY8VnLTOv7H9wAcf1QpPT/puDSXf/tPgDhKZjya,582
olive629,dxFsTR4woVy,$2b$10$RQgb5i8iTo7PFd0eygtIDuRr7EBgkELsi0S20zqxFGwk8WOS4Plfq,583
stacy807,AXTWI9VU,$2b$10$O6HB69wF/0nAXv2T.XRYseufVkSL4WVoRzy7WSq9ueJR1qJndiD8S,584
jodi978,THS6cOj24,$2b$10$S7hfQUynjFVjbb6.T/.kR.8JIqwxlMgL/fze01SmSs7UYN0AU.dei,585
osgood886,VOdZVEU,$2b$10$KqAyN7lco8E1B748gBfe4e1MTso1f3o99wEriKBmUDQbGPp5rP/ya,586
yvor817,H21TQLLl,$2b$10$6azllTB5MC4t3Kdr67CH2.1YONVHMC3abk5WfhjOkW1WE9VxHpOBC,587
shelton178,ErZU9Ui,$2b$10$sgiNuO/.zineSYZcD5Yn1uycB00oLJuD1dhvoPem0zfmHRJhL1b7a,588
phillis731,WVjZlvsFe,$2b$10$8WGCQlMqHSJO4S7qxlIerOhRyAiKQlFEd5N2qKrOodZQg1TLjQmKK,589
lotta615,rSFBKp9,$2b$10$IMOsKjTwuSifXeRJF3mQMu37X.7pnS3AtXsceOCMMJHWKcLRuBWPG,590
kandy970,ypMltq,$2b$10$8tDzrwwR26ZJnBPHUWjNu.lsvE6996LYtwgTiTeHIuolt/YAe/f5i,591
melisent888,WTmPD7,$2b$10$0NVs1wXh5z8NMrbh2jIUbuj/yBoVn0gbiPBw2zn62HRjqOvw/Y.Ry,592
krishna113,TEMygnBwf,$2b$10$fUsF20OZ0ciRl1yVqg8eHexRYIM3oNZC8nkz.kRC1ydVjrfAKoH06,593
gonzales172,pmTIuO,$2b$10$b5uORnIMGLaTCvw.Qxo1MeG9/85ka9Z9UWMEwOEP7XBCI9P/LYTfG,594
maryjo170,WRHlJ1WJ5JPr,$2b$10$nHA/E8t5nJnX18hUSHaQ1eyNedMPy0RZJ7ziKVkUIEsPfNrP4wKNS,595
cody589,3ppKtmOZZhK,$2b$10$KmErQQEU2YD8nXXkf7ShG.sfiayTnVhu2LJQGMOOIH3M8wUXOFK76,596
linoel775,7Wi1GWe,$2b$10$iVBi/l4bpNtcwWAPZ2cIcOrduQej3TjdcJEh1iKkDUZDhPhgm.ULy,597
devi116,CSF9PG,$2b$10$YGr908iXn7k7.9KSRCss.uZGN1vbSNcsPT89n0pCT103UPnD83RfO,598
ariella269,CFwZ4j8qI,$2b$10$prbXw8xgQZ3DjtL8KQsPmugrvlBoOtncAnWsyOMTf1/tDLKdwu/02,599
baron233,K30Pkf1,$2b$10$pLLgYADa4u99NvuPiAa2BuK2ZPJm9U.EC/TMythvFhdizpG7atmZq,600
jeanelle683,BaB0uYlacHPo,$2b$10$J9fnhLhdEzzp77cKRN4hsu.wu38oiy3nLV31DynsF8c1SNgjOqpkC,601
bonnibelle669,buyoifvsDJZ,$2b$10$hMwIQ/9Fy55Gx2ot9PlSWOZGzmlU5RV2JBNW/PM6sa/QluDYWNgQC,602
boy401,trwg7zns,$2b$10$2G1bxzvR9w5.bjuyARJv3.fkfxWe0D8rko0Bb1HhNCFgZlgsrP0lC,603
demetre896,Hw83jNzsu,$2b$10$bpWBSk.VZXTs9uy592vSkuym6frd9F4p9wkD8ONYtniSfz2TEZyFS,604
berty516,atiU9OiZ7lY,$2b$10$fFVHh2M0ncz43ahzXBn8ouut0mVhMA8uuIvCTexcJ.0f.46tdg8kS,605
isabelita909,WUKulhs6,$2b$10$4ClvRLNL8MndAZKhxgYYpezq6d94PnO/HM8IYzqNwslqKxZl5zDJe,606
dexter606,J8ZiQ9lOpW,$2b$10$ugQHJ9/HuVHdMDpDHMKJ/eNZHVAQP97vmvZa9T2xaZhqcRGrNBg2u,607
barn710,0fY5KMrTD3T,$2b$10$spTQ.4y3cmTFB9grNL84/uac.nQ5soIfSSZ0O/gL4UIZJF4b88q6S,608
margette273,4tmeLf,$2b$10$WVaSzrttCmv6VzN9f14dW.gB7.MuxWLodw4DWcXs2TTsILMNRsvfy,609
claudio868,4zTSr7QZXdu,$2b$10$fYOH87np22HycxeZv2pvuO3LNb8bAvIOMRJ6Bju.RxSswG5sLMKIe,610
barrett874,Z0AO4b8t,$2b$10$du73lslH/K.ndvmWFlmIWOR3ihLJEZlO4ogKwOHyHtHt3PJIo5jrO,611
andy781,SBaF0df,$2b$10$ab95bfMD5O9Us1QgczOR4ONTLxXKYlTLV8JKqcDZ1L.DQ89ytgUiC,612
ula635,NZumk9gv4wmn,$2b$10$MoAop0fSrkLbW..6PsK83OgylaFD7hBFVxXZQU84zWp8LepEm/uZy,613
sheba806,WatRK8kKDX,$2b$10$RjW98EMJ.9XhZuNFU3e/IeMcjpNSGUg1dyM6OiOr5zCxUTYWzpYcy,614
nathalie678,NbkXq5e,$2b$10$wZ0aHfAC.rLfj7MXVksugeN4vDr1l.vQCrhJMZufTlL2xYGBj8i76,615
calhoun613,trt3VLwR,$2b$10$myt7TkzCINU0J5YB.pE47erTAiNS0MLYzLH/hNtdDt5rZonpAkfH6,616
jameson354,FrHcSGLU,$2b$10$ez.tgSH008.3VMeZFPwKjOBgCrLv3Jl1/iYqijhLHekYFonINEAFq,617
tandy458,xrJy3oN,$2b$10$OyMkt1qNNpLwSGf8Nm/sruO5B59tUtq8WuXxwC3vu6ZiLLS/ujgKK,618
guthrie241,uPJBNdtSw9d,$2b$10$5yWhRs5f/aHNLP/K1TZML.i3XTWKnoYF8JF2IYxQX2.TxSwaOCRxu,619
addia203,DG3Jrp,$2b$10$Rm137Md12k2yX9hn3FdehemkBXHGrf48MIwY60qOv6ybjFT2ia97W,620
sidoney502,Py352dv,$2b$10$Qs4f7.A10KRN9Z3GPmHl4ehj/jeB6trt4Xl9aiXHhDb7xyT/DnVbO,621
trey387,tdRmtLE,$2b$10$/ub5rP2HZJn1t/yiD4V.k.PqV41bpQsww9nOGpNjfsi8MeLS22wYi,622
barrie213,ot4IsGPIxP,$2b$10$SDPKOiGEVpaXsCkWrXNvp.wE6hmWrM3.ZZmMudSj2icAMKB7H5N/2,623
susannah784,Xjv9KBvfC5,$2b$10$DnFgB0SpHwTg0lMliij/g.1lolpwh4vLzoXPgN7tMNtV/8XyEINY6,624
patrick535,JdPnBmMvR93t,$2b$10$fF9o8k/k0kusUWPJGlcazerWHYDy8smT52W7kKD1a1ssVNnPXpSI6,625
dyane401,1980gd32IyKo,$2b$10$5bd743O0dVZ667dG/7Eiwu/TZa5q9s8oWf.irte4tjckTNPgiJnNK,626
liliane789,8aRb7l0ky,$2b$10$HoXxBguGd1LICs6BDQpdNeU9xOnvjBP0xStcas8hhHkBV5KoTIgCa,627
zeb984,ECNcfeElYN0u,$2b$10$h.BcyxSwLh.8dLdaICAWCupA9HLlhuySVZ5i7ApvAnbjbuCLX6RNO,628
zebulen601,fnOuog9yrrWQ,$2b$10$K6WY2yTVYxXzcpVTs/3kwe8C8pyALwW99ZTwvMkaVHflo2KlHTOUu,629
rouvin606,2P04zQpCIO,$2b$10$gGlQF.kPOhhSYToe1O7Wbu4FjJgTNzsntYLvkxln9Qb1.BOZL9v1e,630
helyn323,5sxo1S,$2b$10$ivnm/92c3x0YWGplxPlHneLgY3gp7xYXP5aeO8tytdWa7NKHfhJaW,631
winona962,li8iPw6F3,$2b$10$p5xNyv0UuwMQujxSeroytOyUd9LNLxTm0VTpC2ZsBfyjC.NK6vceK,632
maude525,4Mta7DO,$2b$10$1yJXqSs2fdjC6XoTl8qoa.83rb32zDkwrXGr.21KwLspGPUtuxVje,633
ody441,rliRo6l6,$2b$10$N9t0qfNi/zQIqiLUuZ2a6.adZoYrv8XLpTgdmdIutBA49FoF6Mv3e,634
parker675,nvQi6II,$2b$10$zdjuhjXWVGWsJTN6r6TrVOr6TxuRuuQQIBs/JtZ6BIv67hSRZz1aW,635
berky869,X2TaPq,$2b$10$2n3EIh5Ub.sgf/LYhnDGE.da3lkmq66byiPVhpYx9YRrrUR.Dh02S,636
cheri132,ScldaqGb23b,$2b$10$XE289lWM9hgjN090QmdxPuC2CLMHqzxNoA6nG7QuDCPrlX2dpWsDm,637
lonnie328,JVVJw4o,$2b$10$V4bwgEHXZaMKdqkNsS3N8ewY6F8vFT/7cz6wmYuOn2/ntY4qMAVz2,638
margie376,rgcwjKeDoczV,$2b$10$RB3kL/yK4Fe/P4zlizHX0u8lzEUp8U.nGqYYQm87a3s6/OjEg.rBG,639
desiree819,wtASwE,$2b$10$c9A1jN30O89l/gFfnlXYyeY3LIaRQrf4MbOdpKGiiZ1mZIEDNEEA2,640
daniele526,EDkwDkaAAtj,$2b$10$mJmzILWL39TaGi6E6F8gJOcugWJiYSUGqxHLXJzQaRuHE99mqz.0i,641
kirsteni872,I8mK1AFTy,$2b$10$SmNOyEMGEmwNTU1lQQDPDOhISwif2LBBMMYndN/ifuDNaD5T6sLEW,642
jdavie811,wnBCxU,$2b$10$V3RuD/uOafeHkBCTT4w0J.90hPi6upxiVFL/HNCJ8bYwhbEE/1ksa,643
gusta911,IU7N72r,$2b$10$zjVbIn9k6IkImpZnJdgmmebvet7fWAsCFR4ITMw8.loKSa.jOdpsO,644
winnie417,aP3Fhf8n,$2b$10$BQYQmATJ5QmM7P9s1WsOMOU14rvrD2KiJcjZfQz6sSoAfNXeizoaq,645
georgianne726,vl4qnTVs12,$2b$10$EcFzZJ7cfZzega3lDpIG6uBSWIvsjkTWXnAD51LaqCmWMzK0hKWaG,646
juditha278,fqHmHia,$2b$10$TeLbwYE7yUW1kXoqvvRicuEqkQZ70Tkw8Y4mQaazHltTxrBEzs7OO,647
etan511,fWPW08eLTl,$2b$10$tUxAD5gy/a7BVv4139viEOHzrBLInQlL9TzV0ERRX0yellHFfA3qW,648
ronda919,jmR0pBkoLhR,$2b$10$EY2eTNfUg1OInrZZM2I0wejz8GNdDNEMGYulfbn8kGX6htZtry.0W,649
jo-anne341,GpzzThUjyR82,$2b$10$h.hZxE2lMvXPjnV8bPKsX./IXy61UrSK91GrB.t2iWWkoNaSkSIfW,650
ewan308,brkgABtttBq4,$2b$10$T.rkTHMi7W2Or3Av4KsX/.cmDhHgJxqkz17GyOQTI5SRh6zrzzPsK,651
marielle447,KM3E4E0h1qhS,$2b$10$/Ay1JlZQm9a6TcsBbVGgTOel4w/fuTkA0Ef/3V3vTQKzPKppwGEP6,652
annaliese669,gDiMhqPy5Ggz,$2b$10$fVwPyAy5M6R8mNfKBUsog.UX80ipw5UXpezz4L/dLWPeLm5Rlb4Wu,653
randene330,XAk9O8lC72j,$2b$10$sm583J0pV3c.JHjpELyZWO5x7OQXltdxu9f.adxSncMBy0Z9zln3e,654
brietta162,bhSZ4cf,$2b$10$SjUMqP2WkeW2mFKPb9RLF.uZawWVAPr2.ohSm3tUuZFrcYXiqm/1q,655
henriette352,7Pni8utHSx,$2b$10$ZNflndGW4d0Uwd9rfgBvnuSnnV1jxbtKGYyla3cfq.zYnM/icBrOO,656
linzy488,QPLF0bHoq,$2b$10$sMDRdq5J/ulhfV8o0zQueeQc17FDLes5XzYQweU7pFIozqOw7wiSW,657
clim559,DhLVgIwMNO,$2b$10$tLmLQNG2pN/7ibryDucIaOSEIVd/KR5hpl60E0Hptf5NOhiZls3Oa,658
wiatt508,wT68X2jvSA,$2b$10$I8e6/dtQN0L72savLGMbzOdK7gUXKUjeWKqpeYSucbsmUqwx./pk2,659
kara-lynn957,NxGg5T,$2b$10$E4FEPhh0xGIqAnGZh4tuV.1idzgZyRlPXpirFkoJDZGuRhtuRnd.2,660
robena809,55BhHvB9h5t0,$2b$10$TJp.dAZW3tCq4kPh.DjYVO.ud.xNraB/Jx3BqAjT96xuctfL/Tldm,661
ola711,eKZPGsu,$2b$10$xR3gllvhWkhjTKQaVZ7HROSaAdd22rSYBxGIZ5LXIjHglrCcG/L1m,662
berty553,9mr7J97,$2b$10$lFAnyg/IZvGfUkwwVCgLv.pTgPIlXEOrYyuodk3HV4kXe8BVbyosS,663
erda292,rqULegAlj,$2b$10$LIlsihxm8ID6CgkEm1IgE.e0C7rpyMr54oQiVG75eSjTGImE.JssS,664
danny808,opsuAUec3,$2b$10$7YFGTL6.xTqpCOD2ahDUJuvB3EJxqFG2K.KVrmr6jq3t3F/K0IQIG,665
marsiella248,GAlJy3,$2b$10$kE5rNA77wX0KzHsDq5IjQepeHmKqzgPNnodW0sLNyWj8shiD0EMT2,666
tynan967,V16sGtthf,$2b$10$CVSfj0183/XhctliT0VJguQOe3klyshE57IjitrN6N9dRaKz24bKm,667
micah738,L4vQO1uH,$2b$10$UHzp2claUyf2zVmyO6aVO.WlmX.51XyApwanHFK79DdYwqcmW84RS,668
linnea148,MuXtACrgi,$2b$10$NyTHC6AxSHu2tALbSBV7neg6Y0A85BvLf/KTpedFss5Tm3rqDguom,669
karilynn744,zx6so6UH,$2b$10$OY6lIT2E/LYnSZ5KrZsJLOiivUefYyQCBbLA323VrGfoNPo06jM2C,670
wyatt854,1obYqxk9,$2b$10$3W1EFbkZUL/AZCHTO90RxOE0v67OBv92CAV7uuiAiyNf5Lr5Cuhvq,671
babita160,F7MlIzkC5j,$2b$10$gloTqPHH.11PBTIh9ez98eUcPXhFTn45tkVuWc35.lOX4PG34jdI.,672
gideon302,xxB6ZA8,$2b$10$VD79uHF3PRheRuX2pImFyO3sBFnPXammfDsZWqNq8wrwS3YtrgkM6,673
darcey450,OQKdT7qhcCJu,$2b$10$OMDjR8Stj11wuppHFwnh4e5az/k//zGbOTg4o7YS6Ro3HfocLn1Zi,674
may644,WckuE3h1elhR,$2b$10$qA512c.SXKgizyV5DMWkveG3j2JSQaIajvGQm4GOZ9PChcqUBXH9q,675
morgen311,K7ZM7P10B,$2b$10$EyfD4h9sDtCJBaTf1mbmYedMavzPTpGpCNuQDTYNtsFDTXK8ZGYCe,676
corrie757,KzEKxjQi3,$2b$10$zmRcismaAzCIvh6nOboLh.6yiWaVYe2Oyev8Rt0HPP4AxFLJ/uhqK,677
brianne786,Nd9SGa,$2b$10$ApCRF1loaGkRw8kx9nkjy.fxPQqDHJ5IhO2LmG1QEAl8KOmRVv9ke,678
christa551,ipghiXU7DGZu,$2b$10$h9Jb6otpTNbAoXBptFwI4.gWjdHQjXKE3XeldQZa0p.AXE2gGf6Da,679
osmund895,U4QpW29,$2b$10$aux/2dXmsp.cjVxx2bzdmuJKG6uuKD1Wke7O6EFgMpmpYNeLEvKuO,680
zola415,cg3nm0c,$2b$10$6XQ8cXmotwJveQ7KgiaFSedDI3f5E87fFb2ImqJFvQdgiSmyLKSSG,681
rutter373,mnTlfNFiZ38T,$2b$10$79OtNlOkbCi0ADPMZOQ5LOqUwLHSCEIqd.D0PWuB0vCdhssmfRDwK,682
reena726,dtweXmd,$2b$10$pZtoigCBcfv7IrSgWlQINOGieyVCSHkbQUyMYZaIghRasvYe4.YG6,683
ruthann961,HXLKqgiAt,$2b$10$il5nfp8RJwfWVed0OBeU9Oeg1Au8ZqFWCRIgQxmaItoqIkUjabcqy,684
alyson291,LaxMiMpEjCfO,$2b$10$kh7SKfmDm/y0nXy1fSLiZOOQUaqGkrEHcKc4d3oHAublpwUwToda2,685
natalya550,LAoqp1eWfAql,$2b$10$wjxphEXuFFZQ1dZ2b.VC2.jNwvvrN7ZynZRfTJacBCUHwOdkVPA/K,686
fran554,6iXv6LJlfd8,$2b$10$ZZyMLUqRoqWyB1BvaPZUOOEnUd77uSGoYTMBQRx77RkuMuMo0QaFa,687
lanny980,mNHmrPLPh,$2b$10$S.3ot2M8wtb4dNv.zRA4yueVZmZ11Ruj0NicTyMLpziZmr4BQ54fG,688
lacey686,1nxJ5K,$2b$10$huYrzrAc2LDxVr15N.fuAelV7e4bRzdyzYmlWzi3wD4luVUy9EPE2,689
benedikta942,oiimmO6,$2b$10$L9TttaMMGun5yI1abNsqQeKx/lHRY2kCOSvcQMvkwNWYE0tsoPQNS,690
ricard295,1EcbU0RL,$2b$10$XXFEA1kIhDz.dd4Bk94Kc.PfeGGbDSMXara8lSLi4HU9scrQYvVha,691
mikaela580,hN0mPIPIx6HD,$2b$10$uIwXEjKWPOPKfM8D2qVMLeFkJOyOUqF5V2cd5xdM.pJ/08r/287Qe,692
zebedee655,Yi8E6N3,$2b$10$A03chOrlC5WqBB4J187ee.sdeXI06JHKA7gQ9g0oqswcs4aGb3MPq,693
stefanie778,mtBWCyeLdYO,$2b$10$bqyV8dgTLyFUK/puRCQD1.ZgCmUEhH66e7azolZFpQUeR7yNbuX0C,694
eolanda516,LigdXsrEi,$2b$10$aIi2NkEojpGDsbt1bx7TPO3uYR1fTp1H8zkUa8bPTzC.CQJIlmwOy,695
robbert458,mWtaXJyDsUpN,$2b$10$sD6bnfbXB4HI/GVYK4JDouTv7jjJGcOrzDz8dhm2YNi.f6aNSHci2,696
cathe210,rUXr3B5v,$2b$10$qWoqLggNwSsOLtQvn95z2.5jT5SDyI0AqrpYDAUuovGghsAf4x8U.,697
janet197,CZUlGAnP8fM,$2b$10$AvsmK8z9voVnsqP0JAUIVeguEb1C6qKSUE8viv/bJfaJ/Ik2wAVV6,698
cristy613,20PhqXUFC2,$2b$10$G5C8nEornpuFMHJONnSyIOpP7CLhEDT1jHAnlZkJ2WDSFqucnOuoa,699
quillan248,IIJgPhJ6o,$2b$10$T1gjlnb3rHxgJ8zAgi.qFu1XqOj4NbUEst8BMRSK0VpiFMlJXI3jm,700
sonni616,MBPPbcx,$2b$10$KqeVzxU77JeJiaxofX8.2Oc8hPutKYyBz.F2kMGUClXEWXIJxxE1a,701
ronnica130,NnpVCVSa8,$2b$10$tnlp2swxiW3MgnPBbNcD2O1lotKorSY9Po.82QktHsvXOxeR.YAuu,702
lisha789,g8fe2c777T,$2b$10$e.Qyq/HfRM.iRhiTwoawqe.nCGjMMTtEkrSFwBbtY7ZIO5U2waWp.,703
doll879,uH8WANqDR,$2b$10$VLYnuwVqlUPBLHYGgvrrVu5AwHr64oBMPfqcbBZ3dCHY8tcWOJhVC,704
mendy705,211o88X,$2b$10$4BSiwEKTqMiSMNcCSemNcO4emw1sH9FkXVefnEvze0uK96BvKdQu.,705
tedi845,cBNFgaYeZl,$2b$10$cLCPsz1bghu5n3VFjxUMheYTbeQ5hY/gm5fVvYqblglCG7oVnFe3C,706
gunner678,uniuWg6ao,$2b$10$n7OEWny4wjsVFCJ2xyweKerGAoMReHUXxHnjD4PXC97/YTY7ML7WS,707
caprice984,5EX8hDB9,$2b$10$SbGsMkw4YRZ0DmKkx0xDA.g/sxkiMlOEdTafcIq6uB.Gm39MjAQB2,708
gayle996,PcdntA5uJG,$2b$10$13KPyEw3J/ObYJYUUvvMc.8T9PISLYRT8h4z9nhlm0Pt4sAQhBGf6,709
katey554,qAJzRcui6,$2b$10$v6Y1e/fGp4V0r0eQGWI.UuqFmwcyhKz3YRGDCxt5aisZ8Y/RpC352,710
theadora820,iND7Pxh,$2b$10$BlgZ62gaxdfUVFkUXcGy5.ZgypgaqYu4nPgU0Hd/2rnnn4BK8/ZU.,711
ambrosio530,AFSN8ql5hgTd,$2b$10$DpHCUT4XWmRrVU2BaQkHC.Cl.tHwBWn3JL0I/unkrjvXG7wJahoyK,712
carl351,GVGtwGwx,$2b$10$9WuXAy9xrpUlxTtUGrO2cuv3vbMTVpDNo16I.l2dpVWnuoR/mM6ra,713
homer152,L4kQxwYga,$2b$10$wuLMwh8ZBjMO1ani6I.gPeWJanaVpdwlxPOhX.ns8NWPthTYAPs0S,714
priscella280,ScjElpzDs,$2b$10$h4GuXrzb77eSKlJtKUpc4uVl1M06AZFGpCJIDunUs1Gj5BH2qKiQy,715
maje944,xPeAvuiu,$2b$10$0s5fvJOxe4LVIM0EnVUEYudoKhE2Zz6KOONFsIHgcJKJ6iyTm6nim,716
isador913,1InnfC,$2b$10$pFcdgZCcZyM4Fn1qPtLCgeojO5M2k8OxjUoRJYsjLyfIMcaAA7SJy,717
ignacius390,9gqttu,$2b$10$8gGL9DrVZtdV9jUuGriIkOUPMxSSS03NYezUlcX0MtAb2KGS1enRC,718
portie387,OW227ke,$2b$10$7JxG7ftuLpMDV/8fJPldRukBy4NLMsMrJup5v8XR0elx14CZVud0e,719
cleon725,p2z03QJkl,$2b$10$RF2/ALVP1as1JUhPfg9KP.mVYks0mPRPtP9.DebxKRkkvTpFGZsZG,720
shepperd151,bqnrcV,$2b$10$FtWcFHvPAyedCIE.myE10ueuCM92rgWgaAGi9I0u2834FEkUspcLu,721
colby951,4eq2HDPpFZ,$2b$10$JJmvVKjnEszHX.XkkmtvR.qbJNawwxnKIaeBnH/ROJWjLEPKyYM46,722
daisey865,8AqOic1AUCI,$2b$10$CAwFsw3CeIEYhEid1sIrJuXHpSv3m/cAl/6tnGWOc.7veVDo9ZRYq,723
otes861,sQ9GrzJ5u1sz,$2b$10$7qKPeEgAlCscKR6HBgcRbO1rPDYaQ.WZB2ql35izwzHBAWKA/7nui,724
orsa642,3AqSSI29na,$2b$10$ShgprAPjEeSIt6d9.MYa3.j0Qkvi58XnKg1lmbnBVzGSwLVo45YBq,725
katti637,MUl4Tq,$2b$10$S34ZQ9V/aCCuxl.JG1H5qe7s1ZJwpXlDLREEaOwU14e3xpB2QFmHK,726
dorry435,diSbC6,$2b$10$V5AIiDQB.Xbf6.yh/G28d.F6qTwSPrTdTPg9QMVsThUlRYRlUv6ci,727
keven470,ztA6fWdOq,$2b$10$ObEmdZ/krAo8BwuLLeW7muR.LGfColr6eIS0Rl03QKCFuQayk14gC,728
dix723,enLnnRtf,$2b$10$CGwjbURV8JpXgRk4H2x6L.cXzdgu17SIeKQ.Z0gVQ61KrssdPxziK,729
kathleen881,tndx5X32d0Tw,$2b$10$Ggp560rJJ/53RafvM2cJXOMKzF4HqLpG5eGw.iqmw7pwQbIlcIYqC,730
ruperto171,yxFuKo,$2b$10$DVwTTP07777FN679SHHQ2uqUsFTPWQ325VqutUE6iYWp9SrWbncvS,731
symon538,mgHwniqUW3,$2b$10$NLJs4c5uqirSKDN0m9IkN.th3RldDRSA9mtCGXVIuso5inVsKkWTe,732
tonie822,ggMUs3K,$2b$10$51XqY3WF2Kh/g3otuy9xWePipdk7Xtkzo2uEEkbiUg.BT6jBRkCbS,733
hobey479,j3OPKZ,$2b$10$D5lW6c7WWaiiJVWnHSI0yuDZJoUi0ORUUjOoLX.o7Rq1WcvF1QLxS,734
laurena461,OCxjG92,$2b$10$rtarMmMJ5vZArRhANmR9x.1nXd87QINnrZ.D.XLNkxJQuTXgRJwSq,735
emalee222,W0ssSxKIvp,$2b$10$JnGiIDVf3ASLILIc2rdruepgShJs6VZnk08rrG5UvEdrXq7r8tJ/q,736
nessie948,7gzSnzaZmlH,$2b$10$Thp.tc8nOUYxMGeQ6A1MlOnklzITGXZFEAqtPJcQj6nQJy6nzdnz.,737
baron904,Sfc43ZW1,$2b$10$zHTd32ynhpmGN4VIX/UD5uA4skrUXPtBjJaN.PLFMKb04h7jwUHJS,738
papageno215,WNztcYf5p,$2b$10$AbluyJNXqeobrY3ab1nG3eG5ZBa34sVXsR60qQ5vMgc4ERbwVd4nW,739
mace945,FMNnWrlge,$2b$10$rYk.S1YibNxammEZmeldTessVAvfBF3k68hiS09WUBhGgLg40bHvW,740
whitby526,Jrevm6Bf,$2b$10$jufPCYeLftH7JW4o.rujruRav6nBXClNHtF93gxS3cKS0DYDF8znu,741
laurianne743,aZ0TfHz,$2b$10$DUF.lwvtC5q.pRnU9B.Z0.vGfr6naJmGSQz0MNR9A4XKlaQH5BiVW,742
durward448,syoCsvgEdx,$2b$10$oTBnJh5pggwIlTOIL66U7.LRQ5qAVOGlnTolX9UGZlIjdDk5fcqjy,743
gawain619,96B4tJ1SG0,$2b$10$GMbXBbzvEdfyobdZegb1m.0eFAaZBvi1pm9jdQVXYp8UblRFc8ad.,744
odessa211,WnQNGosfF,$2b$10$qBHmW0T3o4/Cb8cNQHUHOO8RcWjsruYMLWa9h0Gu69Dio0bF3GT2W,745
rosalinde541,EqkNZGB1N,$2b$10$gW.Omp4/XSZK.mbNWpG.kOOuYYVx4goiNNV5ZUNf9uqf6GOuQKTm6,746
joyce711,3of6ht,$2b$10$VsvXik6kuLC1wWDy3/bAHummwERpkQjzkni4R9ByZY8g93vt16MGK,747
garnet591,dUS8yr,$2b$10$3hOMgj4SKy0g.HKvjZJu8uUcN8ubQtkf4GCw1ZC3e/8eHVYmQafje,748
codi569,CjNvFXSmLu,$2b$10$mhdPPbdbSFz40IZgKc9Zm.3CFxHLG2k0zZKEmz0R.nrz6bn1Ko7jy,749
trenna854,WLokm7,$2b$10$Q8WpVwcYHgZybB.hXRGE6eMoN7K4FkWW.rK43vq0NEIU/kRwwc3aK,750
vincenty262,XGlFg4wQzXV,$2b$10$SvDSaRBwrxC7isxRy/5ui..uaELaaB8NtWEPpFP8xD58iivAJPuna,751
rory235,JrEoifpgI0Q,$2b$10$gOaenpTM0RnrChFkc9vF1e5SmmoxcsyqNOsWZK.vmyQEDvtnpFR/q,752
louise819,YmkAIZn2,$2b$10$CS3ufSLIT1Z45CEHRAS.uuL2JSnhZL9Oe9oJ4uwkY7QI1OH8XIGhe,753
hedwiga643,vkrzPujM,$2b$10$Qe139cpAARTchbEo./pvoutnT57dXmbtMWTLfkd0KEWZHdHfrXixG,754
dru786,7LhQufCHyZI,$2b$10$N.Ff8nv6r83DDp.K4RJqz.j/OUr2YYJK1Zk1IBmNDx.wT98pSP6tS,755
rosemary254,6jsBniV0AoH,$2b$10$uG//WizAFSlriv52BMZmculogATx2UV.1hmWNmBiVHcodO14zGbaa,756
doralynne633,8PkevB,$2b$10$1zZYOAWHmq5ANnPhfBUSjuXhA8yxSBAuGb3ZRBB96dr8lr7Gu4eyu,757
john286,8kgYr3,$2b$10$OIqh.K8HN2iwpeI2AYBCSe1JgHrAQmLxKURpd8YtQ.rzzjRSIASTC,758
farlee456,kpXk3Zb,$2b$10$fUrb259Y/6LpHrGpQ7lsR.9QOmlSjVm7YgjM4OZGsU5wsHl0y18vW,759
domingo300,6sJOIgL,$2b$10$9Wv/8lA83JL3z5PrkYSVceZvpTFIaGlyYZgle2vAS02bWtFfXhzx.,760
rickert179,XKTxB3uuD,$2b$10$9QuX/bwyhrhXzPzXQ3o4xOF5Gf6.SMylE2o01g/JOWWFAKRFzG35S,761
antoinette487,eov8nA,$2b$10$.RrGz5Xo2cXMd5ekQMAqAOVQR1wF.d/JKw23TXV7DnS/fjy4sd77W,762
laird932,fjvsTK,$2b$10$uOlSUK0FNNnN12m2NgV5D.JadVTau7H38olfCCMziD1B30I..LYNa,763
aprilette703,KaENiy,$2b$10$.x6lSfiz5DkXXaDeQAlDR./jwnFRxToHNx3W3CUZ2sQn9FJ6kvcyW,764
sandra610,vzwuPX,$2b$10$gVljSG7GxVpk6.C/aGTcb.HSl/F5Z/dsySA1s5hMvZEPCMV1Az6a2,765
joby443,qYjkWl9dP0,$2b$10$S0LnHJYhhbZflugymKzTeeSx348DjIaxjaN3Zcx.gkk9LJSKl7GDm,766
justus538,7T0dKWTE2w,$2b$10$v6idoT5v2jXsXOsIhSLrqeZdGvTNPHI8AnwkUrsTM8g8lX57ikNGO,767
bevin180,McGhAxOsVM,$2b$10$T3j4OAL7q12Ua84HXBr8tuKmcf.D8oDONG9HxrNcOLRLU4aCqQ0T.,768
jacinta376,XEGqT9wGk,$2b$10$8RwX4SFfbSDuIekhh.c7S.er4LH3Xn2FCkKAqbs9ETKeZ1XGHFGlK,769
miguela543,5kDamUv0O,$2b$10$cMPIOwb7EbPgnJMjtqpL/u4qNxB1Mqeemm6w3IkXVnvb3zayPoF8G,770
haily271,6rQ4kVmG,$2b$10$UDMo7fXRZpUTuCDurp9wT.iqgn5euTJOmSVJvQToviVS/tY6.VmGO,771
dita744,gF4JBSDD,$2b$10$bu3YdlYdEF20GOqCje8pUOWrPwZhCN3AvzEFq7cShiAGIMuE7PMVq,772
olva617,CjY6D4w6nb,$2b$10$2okaItHiZNyW0x7HxSRAbe0AH0PuwMMyk.vp7muUVEc3gXWbfwVim,773
isabeau411,KCkOKSGp6T,$2b$10$cbuzhMppH4T0eg8VyH4/GOM5afPJh2tjdMcQ/AkQrwoo4WYzJpr5.,774
randolf908,CMKITtz8,$2b$10$W9VDLCQbCjnk4i5.emiFB.UU5Rap.ouIF7TMZQg/5kElPgUuYa5KK,775
hedi104,GymXjzC7Da,$2b$10$Wsn30SOyH2DbK71C1POBkOPfp2QLH7ktJFHCUkeCdvEePc.z6BP2a,776
charlot883,sBvPSDkMs7fH,$2b$10$Zbwd7PY2N/RsiJO9FpFX9.GrvkyHn5MTG5lP1DfXtHofptJDMC3fK,777
oliviero887,hQLDG9J,$2b$10$OcTNFOyqfcwPFhVFZoYGauNxhPrP9/kmOKlyxzP.F4Ra5GYUWw/ba,778
scarlett133,D9Zc7pQr8d1,$2b$10$zQ8kTiX537oL8fl2FEhaNuQiaDCGH6TRQ43FwVk2xcbED1n92q7ym,779
barde469,yHu10w,$2b$10$BIKrfhHU2j/BYMf.4er7ZuOg1ALVQj1FTFTmSPw4ItzaVydEuMvkW,780
emery624,LYQcYOt0z,$2b$10$9Q60rqw9NFNyVnL7547VLeLSO67jGZ2QJ6M7HTdqIhbynNUB9jlGa,781
boigie958,26ASS8QIMyp,$2b$10$luPhhyg0FTan12ybMlUD.uIpZqkXD2.fw.O4UnermjwHVJN6aQcU2,782
cayla462,zoBNn4,$2b$10$F.xLDXphrY9c.wwcW37zduyiH6AIx5ltGvVpFpLubJ8RmBa.dml3S,783
bevon808,WvfRuGDiEi,$2b$10$cs.CSsShzfVRp/SGfWquGOBHQKNe20biYe2I/iewmv881iSCnPkhS,784
aldrich681,mmYa3ZWQ04x,$2b$10$gYjWQR/quTpAz2Euymg6EeOVw1BBXOLovw0XRiEKcRrdLEjEXc2WG,785
jo-anne719,AA7WcOMZsh,$2b$10$wKT.Fps4tPE39k6slxD5RewWFm1gq9uEeoSEkPXw8eyo7Jwoly1zu,786
yanaton206,9JFNjLjcG,$2b$10$Sm20NWYowpPq7OjZuvnKd.9OuYnc.UgdFIMBkg4zoTyyDUWIDYlgy,787
auroora388,fD82BWoKVd,$2b$10$AkTbezPc4BBoJfKdiGAQqezt0.89I/L.na73j/I0mwLmxzJWalxTW,788
nertie894,llOTAn7sk,$2b$10$IxvudT7iOF3mH11zddiWC.UIgaIPitItvze1rNDTjyBD/wFIzYTQO,789
arden794,4b4V5a,$2b$10$M9ac8Ot7BkbyHWsmdPynI.IhJE9QNT8vnHarVrJ1ouv6di5GnJyD.,790
glennis127,q22ecBnRcTfE,$2b$10$dYdKrw3xje1.Pf1QpYh6POHC9j/wa4lbDzFsAUhTwkxOtQ8A2D.Re,791
kellia793,nrtUrgN,$2b$10$Com.umTufL0TiI1SgtGQyOibJqPjQVLIW7tn.pmFHyJRKMWPlGTAa,792
noak289,cemkYI8M,$2b$10$dRFya/brNQkzqkmIc/gdi.45OMcyaYli2OQRYzYizoF9zVz0PSc/a,793
amandy231,pBsI0ctg,$2b$10$.h/74Ho0iOmcRwI39tD7M..axMyIWqYSujf.GFll7zAG9cFoDy2oW,794
cad152,zU1napTI8F3G,$2b$10$hQttKUtgQjPX912UY2Xz3uCGlF183TA0d9YUvBH.n0D1.r4vYZUXa,795
rickie882,Omca6XGUx6m,$2b$10$vIhGUaDsBae0xOpajsGRMenpeKGzEvU4ZHy7I0DnfpH0ovfh.5O.O,796
aldus128,jt5y3JtCBWW,$2b$10$Kv/fJncF9d5XCep5lqmkQeuD.bGeaqGGTn2DmcWMvQOZ9u6KRS9c.,797
tucker798,TLP0yPMK7,$2b$10$hlYI.7GEiH3SzTzaK3PZLOpyXuxydBqPYgVjKEAp1U6WOSNLC8q2S,798
meggi268,nZxdolSmpy5,$2b$10$rzQWBiaLzYY2SAc1IuTNMuHW9PfXw6B2IVvcrOXMCmh/sCU69.bCC,799
costanza250,EIUtvWNH,$2b$10$zqmbM863.Id0sUconwCo2O2G85eBZcTXqg54ps8ssmFGdVguEElpe,800
staci720,kMmsYVDvg0,$2b$10$8wM05ZbFIu85qLmNhnnysO0ruppuq/4Yn9F/S2EsxIcd9XcsQby6S,801
jo ann842,aONXL9BTXo1t,$2b$10$ms07CQHcRJqkC4qdjexJTO8n8AnoGRjQ7scMYwYmxwE/tmn9rX3bu,802
aubrey212,N1ebMkuh6iYC,$2b$10$UZDuyz5dfW.BfrL5D8kng.fgMYdWqC0q06tJGPoVyC70UUezaJc9m,803
laney306,94NXuNi,$2b$10$zOcOEa6w3EF9/mRPP96br.GvN/L6mNHNJUvSgxbnsWijPdxc1PFVK,804
shelagh172,VWQiDJJ,$2b$10$Tktyw.p3ch95v0hkCgOI4OCmhd9d916xCerC0B3w8n5eV8UyWn47e,805
denyse674,BJfFxM,$2b$10$ssMecg/dR.hZYtS.DN1woe3pt8.eb7eXhN2DjH5PivL8WieFU0IXy,806
kaja877,SaWqvS39zT,$2b$10$WEFE2AVkLGGx2ObYczlEeOYM7d1KjP1cusu1mACLNaW/zpdzsoJze,807
hamel189,ovSfWIvmXd7,$2b$10$kGkaVtW3lwxnGGg4kFfKLOf7ePMkjzHD7rZ7EEXKTNJnKUtcgjLJW,808
yasmeen221,sOXaVOd8eHb,$2b$10$CXpwU94QXVRdBW5IC55QP.4ahBoTieM8fdntbdPB/Dq17c/4CzzAi,809
jelene968,svkbe0,$2b$10$e.C3nAfXELMs8Tz.jzHR/OTHp2gL9IYiJMGx45MRoUrnLwu2lEDny,810
claudia782,uooZMGDNKme,$2b$10$AGm1yK3JYWkOg9ET9C2zmeKsBOeLlGyhSwcJXgcAJb8wycLKgS08S,811
ashli218,BKoyCTHQeAW,$2b$10$Rzvvmg67ZIXj6aKuLiIwzOkOa8GMmB8G3Cm0U8C2kZTsLI28F1UrK,812
jeana229,8hDTJNS,$2b$10$CUT3kUFbDwQvMoZr4SbYh.oxywxlnVXkB93GOK8ODypDVogWxc/ly,813
nelli609,gimELrBb,$2b$10$K1EEsG/KaGx7O9729BxNUu8cAl/sLMzn.1hZD/Q63aXTkbpRxs87W,814
alva152,85WvpNy6O2,$2b$10$GusUYA..TKlFwENAEkmhYeQ5uhJHrr7aWuAOvuEuF8FyMOp6O6fN6,815
vern863,M46IcmV7,$2b$10$IB.eMqkw9NxlkLeR0bXOye19IpsgiJUyf9svobaQtaJrpXKWVa932,816
lanita652,T3P2mLZ7C,$2b$10$zHZ.IMe1rvHazZ0FtLubhOdGcdFP0BcoXqqPaMg0UeVCzIEFfciAW,817
gerardo917,y6EQsmD6N,$2b$10$5keYIwx0cp6NfmF8IIIDfuB5ZY5a7K9PyhfVeZ2Q2M3olhwE8JSDq,818
milty303,BnPI5e56hXj,$2b$10$SSlmdjt8W/wOZFRUfIPnqudNePfDHE5NB8eYx9jGCXxZIufHvh0Au,819
hamilton326,7a5NnUHqzc,$2b$10$5R8B6nsMQCLgS58UFpqBMOE.iAvYMNfERyzC635AAE94M2d/.X2CG,820
abbe661,L2povvn,$2b$10$EtaGr8GA0UEQrpcY.51heOAEkaxlFl9eaU5rtTX0nsLy.5zqd/vZS,821
dorie939,lSZkNG,$2b$10$DWnQikty0rXYCckfd7U1M.mLg5ACyf0AHPfbvcPi7VB/325Ppe9LC,822
ben808,AFQuTg6qpyd,$2b$10$r/6O5gErgqWNENACH1nhce5yj..0t8P.vn.q2iNxSCRncj/TnVEni,823
alwin194,8HUN1wq,$2b$10$EFZXbnm.DcAYmhEJ4NZJdOvjra9AsVxKWqIUkZZASB8G2gPA.oWp2,824
philbert518,jj08P90v,$2b$10$GZSi8JjS5rQmxYM.DfNCPupX2i0T8.PXK/dbh3UeZIIyRsKTg0x0W,825
adiana125,jb0eUCm,$2b$10$5kgObEQ1AVNxd1fHeYxFAuI0s/0hrt7oxsqH2V/vLf53lSd.9hUnW,826
jerrie910,SgFwQu,$2b$10$q4dEIwe0FSFAPjO6J1fbwe.trGEJ8BNTdRpME/aF7bvejTKlFxsPG,827
tresa171,vizZvA3xj,$2b$10$LGUTsXTQf6QvsLYUZCDNeOvYKkf9jTzgzlF1d5/78h554LvhEAb92,828
jenelle702,u2U6si61NlEq,$2b$10$nNxUX5Z79g1Q30t4VxCrm.IFes8zQmTvgmJNE6cwgvPPfoR/C3puu,829
sol232,kEBx1e,$2b$10$JywKGH.HSpH/Xs1nFqNdNOv4uDJpodac277ZhbcdVp.ZynOuvfyse,830
marijo386,37JkRUydpZ07,$2b$10$DG.RIcOTY.1HFE15QdEAMOmQnVWllcdmx68lzXUyz78cVFzsdfGLq,831
nixie329,8KpaqN7ADv0c,$2b$10$reP3YUysVReUK9h2UIfzueHAmizqpDTkRQEVlC4t.6Wb0N1xXYHei,832
inness471,3SyUmF,$2b$10$RiJgigeUjYU8lBtwlGI0MOKT1cjvZDjANQPJCf6O4sezfd3yQpite,833
des761,m3jLbKPQ,$2b$10$sSwhi/ipXhq0NXHx9u4tLOOCxR2TIp3PjY2QnqoeJpivDbBSmXVL2,834
sharla924,qYVSMeHI0,$2b$10$r8PIGfeJj39ZVwhvZ3782OTNvx6NhoyDHeIOzhkENlVL.Gl6UIKFa,835
amalia499,Ik702g5KA,$2b$10$4VlsJZFpU.TvXaSw.KnGo.x6CpQ66RSP9PqhI2vt.GFC/lHPi9dw.,836
worden709,TfoAEP4oyTP,$2b$10$Yqewrh7Yh6W330JA4nIi/u15rOkdNIoDX4DofP2a7RuOXmgJU5H4u,837
naoma558,FJhQcqZ,$2b$10$uPxZArhvKD1jEGIXHadofudXx4p07u7FfAF7Vv5ukNQdS67sjYnay,838
anastasie551,TQ4iuzR,$2b$10$vBHXsQEoS8xjpCvxq9qg2OszEE82ZHK8ipM2uFhBzDIRqmbGLw5O.,839
idelle982,Puo791Do8Q,$2b$10$JKH/gucNKP.s98ktPpt5AeYhLkQ.pcfdl1lruOxfaycqRFEqSNB3S,840
cyndi523,U93wQ9RCVf,$2b$10$Webco7b3Vim7uIaLU7jPNe4.zZVBPS1MxQw47k6rvDL12WrfE.2jO,841
jeremias471,ygLf3msfP,$2b$10$STwaxdPpT6WSQvsBkfS9euHnr4O9wRIPg26O5VtJgGyQdnDBYZ/sa,842
anestassia286,nCeHlPQYktF,$2b$10$tqmAvXF0t4TiBU9M.9Ednu4U7gekb9sWE1wHViAMk/S5/tTb7/LPW,843
fernanda174,GHNjcylPWp,$2b$10$3.t44Lm4ydNeax9lJ0wsrOToptmQQ863zWWbVLcdWGUdm7kcpZEQS,844
maurita908,eeAWekiCp,$2b$10$xfoEg9TQL6LLmbdWIY2LvujhRL0.qnBqbQNZSs8auaIsMQsHP3jDe,845
gay106,TctKvp,$2b$10$SVOCciHRlkVG2VQ7rjvcW.0aUokb/gPTC6d7d2nJnjoQs87huhh/G,846
bartolemo397,2SIH5UNb,$2b$10$OQmtmYDhcM5yOOcQdd96KO/EG7ILeqCwSpoG1giMU6l3G.u.0s5CS,847
elise753,7yCZ8q5bxlW,$2b$10$uruBgGhMGxn6CSPP.LilOOUgFKiJUxINLbN0sTyWM57moB8OykA06,848
wyatan849,UWRtfK0sY,$2b$10$7Su7t/qyKdlodh6Pum.buOyLlREuPbnM1oJ4HU4WO2GcDMVBVGaL2,849
stu452,pzsvg7mh2hqo,$2b$10$ScqVQnchgswWCM.IhNgyCOEONgOEpg8EHLMbvSRmtxRqteWTFGvlq,850
lettie265,kHB6Rr9y,$2b$10$jjue9tjgOVY9hp4MDDjntuBNSMHbu7nicI5G6G5VjkwA3nn1cziwi,851
crista942,OcpF9zA,$2b$10$23yaavQwMnxXIsefoO.BAOl/erpPPglNxNlgC5Fvk0GbO5m13iLny,852
ronny530,xYJBgV,$2b$10$zh339HtboS6rMRCnv4ckjeIZeauGbJGRUhBh8X1hydzFQbv.a.wN.,853
stanton362,aVN9pU,$2b$10$Ws5MWhc7qgGQ22excPOzG.gvr.0.sy9bKgJTD6u7uB9QlMMS4vnA.,854
bucky194,rGavxi9BD,$2b$10$4FbZrkPSbcYlRGS3JIjO4.p0yJmtxsjuM3TpbFW/IS4hlAAaFS8YW,855
gabie819,K39Mtg4lL,$2b$10$0Kd/miaCqZnUy8H5baNjqOkfqDGfagMYhsi.tnYcJhr5AjpLpmsXa,856
gillian275,5t0kkgn,$2b$10$h2XtwgBavHCrgvtplNiE6.vpoPo.0OsvAVcHJZijgd2E1VbMhbf7a,857
fernando357,BEjffIdg,$2b$10$wg66b63Q2ivIIEdUORsO2uPQDfUCVvhMWEXOhYqmaPhW9.xAifDxW,858
fabiano592,LadikEPvi,$2b$10$tHB.IxTuphmiVK3yd/G27.kf8rTtEt9djSnfbnIX5BGyXrmSgpKgq,859
haslett161,QGnkjG,$2b$10$qgWu44MR8RDKnXZL/bvn/.CTdCgUj9xoON2xMRP/B0hn./rQGz55q,860
ricki533,5VFm2UoGLR6,$2b$10$zMJ5AbDHKfLo1j8C.ssiL.maccYbFRLlKscOLmQL325vPyl/OH5wq,861
mohammed361,aXTGFA64D7eK,$2b$10$m58ifhhOXrHRNTgKjoY5Yu7rP7fn4gn/YiIyIB/xG8VWbN6Qqe8oO,862
kristien854,CQCkoa,$2b$10$0xLjKDQuefJWmuU5MMEkyuOLUbNOwRc.9wCYK1x2J85NweEgCwjmS,863
helsa228,5EcbDRuU,$2b$10$p5QY2n9Uyku8a5K5p2yzAeVZ6VYkj61j6KbJKw1rSSIxnvQp2Xzc.,864
patrica280,rOcAh86zI,$2b$10$q/Ff/4zFBsLcAX2VC.eKPOSxpnWiKwXJXz4dbZPbU.UKaLeYSY2Iq,865
torin381,xQSkiCq,$2b$10$HpRd7q7WJZb96z8PyPUlQua7OL5tejyYEknP7psjAGbiAhd0nQvga,866
pattie998,b1JVqdE,$2b$10$h9ZwpOdjFB9bdsB2dXJ9IufepoXIzKwC6LUdGDtyW86vXp4OwI5Zu,867
allyson433,AhXbGAS,$2b$10$zaheJk2ZUG7JcGQu..wkAeLnmAF7UQUlkg/I6zAXv4WbGWWZzvP.a,868
nanni758,t8usBl,$2b$10$I6k/IuNUMAzsLOXj0uJmYu9UMwLGmGHdvh7EbzTW6EXWcHBPgyzWa,869
hillier266,Nt3tIGHwp,$2b$10$9VVN9Xo/Vuf5hpqIDLWGjuO1ENsr3.AgjSBYd.RJCKSaP5Gp963gq,870
demott793,XLJs9HOzf5g,$2b$10$VbLH4jeWRe4US.thAu2rxONii/5CoSHRJT/q0hrIdXYEhWrUkJFGO,871
katusha170,vWHSYF0BVt,$2b$10$Ef53ImSjtK5yspPcBPC4E.lYULHGwZ2sRMfHGB1lZKZI0WFmxJZQy,872
read940,oTZdJbAHRKS,$2b$10$zJA.Z7Ivr6p3KgCdZpVH3OkdIgrDe7vp2rEinAv1z4We9JqEmK/YO,873
lynette490,OasP4loVhj2T,$2b$10$W3N9lt3KLLnJqEkea7fJEuJ63NvY.hMtFi0/J1gaKzgQUvFn15C8G,874
cass862,LmMmOtk,$2b$10$NYvOUfZtyg4ZeKEZaK0z2OFWo7Fy2ZL8evwI3LkQKKj37I0gD5loO,875
clifford522,K7rF6mCCgyua,$2b$10$DClDcajs3ZNx88umQxE.7uU2z4ScJDsVjfNG9own7u0R32bhKftaq,876
shurlock570,llEMsJiYKN,$2b$10$3Kmh8xogOBM32lZBZOkYxeSam8L0JuDrvMvDgm4q2Z8vNzTr519jO,877
nikki764,XNLAt7SDKc7r,$2b$10$QkiTgDL3Udf39GvU9jPyH.NGsANFqlHZ7N2Lrnki7gxyEnz6dy4pe,878
georg220,hkwhGvg,$2b$10$2zhrL5wPdEeE.LsnN1UnTOpiNeKKQDV5NPcDRLOm5PR51gxeYIPq6,879
roland585,jCs5n4X,$2b$10$u53SBGJC7j/OPpMLfTxVgOA92GYoaATTPPR5uGtTYqtdKCm5BvYeq,880
huntlee712,fzkQW6z0Nn,$2b$10$I5eMEb1xrh.J/XV//o19lOUsnaiPzFbevJ5lKYM3DIaCfSrdfjsT2,881
linette467,uuhIL8PPy,$2b$10$cQdErQuPa9nCDWimuVORLOzHoRMraDvAURTQi0mGKHRBwqMOcAJAK,882
godfry792,pEr1Tq3,$2b$10$OXL0EvgOa2Nk52OZJFTN.uCeWRdyETasLb5KEUDdAJSr4okmS8Eri,883
jenelle534,AYt6m2Ii4ffB,$2b$10$xxDT3rnoTU.RrpnMua53Lezuij5M4zicJnmNsBF1i1XqLCCBSJ..W,884
casi577,Y0Ls7uwG,$2b$10$dDoVCSWLJlNVdo3ywu8KKeSdQFW0WFZD9pZBUXKu4YN0NyDh/gfPq,885
bekki252,8EuzvRX5MO,$2b$10$QbcBMvkZjmR9ScD9J3zk1.aMnCBuJyWfJiRIzvoukvARACZc64S4e,886
charmian579,nccGSBKa,$2b$10$CyMN.o6FG0mj73.hOO8iTeD92/V92pjaHqkOd7MvTaEnq5.abAbHS,887
gan628,QWrCD9UtVd,$2b$10$5hWYtGlvxHPgpMgklvifYe4j8i0EooAD3QlkS8VXAYjRgRJXzJwIW,888
neron437,UroowpXe4S,$2b$10$OGByK3D3ey1Vb9x8jPmaMuMaMjN14Z3fZ10bggv4K4B7W1GWsQ0g6,889
chad204,EdwRG1vT1QR3,$2b$10$PlTZIo8eU6ryt.kfTJ1ZROP66zmcdqIjX04qtwrGvHoQUEIihD51y,890
curry301,YuNAOrGdZFj,$2b$10$ZyzsaZMYZHDJM/bogTTpL.AJWa1f40zO0tHd6myRPiSIsSAJqFOSi,891
freeman597,Ihwkxl2SMoZ,$2b$10$UNlgs7ncyKnxz1Pp5Z/O0.aCrS8fTIZWO3xA4yXeglMeU3nEWl8Hu,892
nicole520,l7Vu2pn13w,$2b$10$ggoI0bF2dGCLifvArSDLneJ579T2Ccc/OFmMIGfCUyvTgLr0ashby,893
billye163,BMGMO4182,$2b$10$Q/RpsqgiZd2cq1CQ4ZsZ7e5eRtzvQPKKRChceC6ZzP9DQSnAwJi9G,894
jed621,WI8vGa,$2b$10$q0VCPsvy3ZFM9M4OEUloY.gZMDGUUFLHBSAT/6N67c3tYNoHjtCtq,895
sandro315,ucQEKM0wRJrF,$2b$10$GyuNPb.eyeeKAepWmAmN0OEWzktW/fzDqkdhIeK7oXxmAHVU6Qp02,896
lolita486,GKyeomLWAd,$2b$10$wiv2SWl.JP/xv3r.apzfFu9vcNhKsYnH2GSCWf42EoY.mi/hfQojm,897
salem776,bQewnFntQ7I,$2b$10$tKXjfcWsHVLBZJoxktiP0.EYySboSbGlkOLd3NmLs6ypLsiOI6Xmq,898
cassy350,C9pqBR,$2b$10$fr3nEApYdxi/i1dEftezzet.tqnGaQ0CFDIh3Y6FvF1e1JF8Cwyqu,899
ros373,S8wIUTbtTv5,$2b$10$7NK8V5ohjIpqaTiUu/oJsOZzsesaNAOYuvxrXX2LcnCptNX3SA0Ge,900
daisey396,6QUEuxq1r5a,$2b$10$/YfzmCAcPKWLfT3GPyehC.Uw6ligvuDsGG2Ps3loMIbOfvBIZswBG,901
tabbi175,l5hQfzwEx1,$2b$10$a9aeH.peCXIa/xvQ0xpt4erSfOQS2efDZPWSvvcs2rGtzbRzMPQGy,902
madelena695,2LAtWSX,$2b$10$U51TR0BPyHQnwbABo8rUYeY2CiDsxZ2EB/UXotfY8MzIdPTDWeIzi,903
burnard918,Xhup18sxIEpH,$2b$10$9ZEc9LE460fO8SsOw0euj.blYB7Jh1ub9CrP3pB04H0KsK2MRJo1K,904
loydie909,qH6mLWC00,$2b$10$xKTgpTfJz5s5uyksUAnWtOhGG8CV9Ao4XV.qFmt9DjfHqenPSKr12,905
jeremiah747,Dy9gIGW5v,$2b$10$RQm1VQBzHxgJiiHL8ftbgO9OQFsH0e/HemSJX/Uf86/jRIfv2iOcy,906
marilee858,Y84hIaV3LoXX,$2b$10$XJj68mXWF8IJoPY1ezJKqOi6gvgC4s7LiBVtovLp4vqKtAcOiY1au,907
shela667,dzq9GyBe8,$2b$10$a/8yFOcDtEyyjQkrk6pY2.OL8FPAHt1sxFw6YaxxHfb5seYhbBmFu,908
emmalynn342,nN1WKJDh,$2b$10$2J7g/VWTO/d5zQWQztGwt.fHEScxCGX8UCUu8q/wAq8rLXXIpc4D.,909
stafani370,i1q3yxApU0,$2b$10$DmD88LbnY5XeR2PymFTwxuhd0vzKszk/NNRXhFDxreTzTibLpw3G6,910
trent970,rKyhnK,$2b$10$tE/Vhk3FRsUOmbXjb0VlqOuiEQeL2xKNsEaUpg7HLXePBnvkYvB2W,911
eran977,Ir3dCh1G,$2b$10$TOnFzN7Bqyo6Y7MiBnbkYukm2hihaYho3bnDLGFkk3FjSt2CKQ5Am,912
leela243,AUYdEjH9z47,$2b$10$FDEpy1ucrZsJFWCX0xTUceLWBadvJPz3Jf4aTexIXd3GSJjoXI/rO,913
luce410,csgkjg4,$2b$10$SdukI2V8VA7LyJ0cq0gbweBCIQFUZVYK15FE5vkogWOdbdVYCMtZy,914
estella623,QBmvZvQZptS6,$2b$10$me33QZtJsPdTh4AfQCez6u0PBptKhpdytIWaLIuHyVB8FMVyF5QFO,915
cassondra547,D3SVsBr9P5rb,$2b$10$x/yArPLMN4Jj1IArTPxyI.0U/Z3VLARlfD9hwsBVejA/Lg5Taes46,916
gracia493,mpqkUX2shrL6,$2b$10$f9dl9FcpNJaQtixe1bXBFOPDwvJREZBL//8ZoTz3GvjmF8s0f5.ea,917
bessy652,3rSlP0b,$2b$10$2eplAeMfPaVpUuPBlkK/WeEuzdzxBicENvbfYxCIDhG4z/sCAlJru,918
mill230,Kw923grX3tj4,$2b$10$GgBkNAOFb5EWnRxUN2go2OmQbUuQO.5WSjEwUSytnE.r72Tgpte1y,919
orly342,mAge88jqd23h,$2b$10$BPasccrrvSSNxYAIz4zPqeDvIHbHMYd6EdOg2xSObB1uFiTCBmao6,920
nial588,gUdPrRJ,$2b$10$d.P5jE1rFSHuqo9VRUj9zeYt7wevf5/EovW4qT9u2.4JLBVAIiWhu,921
cornelius769,H0LxcuVNq9u,$2b$10$1s4mLGFF9ZSWNwLmPeBSu.Vp1zw0AxOUEnnuBqgdNT8UAiyFT9TPy,922
erich991,l0ed48rH5o4o,$2b$10$dgoEWNr096AEOZAAJENdAuL9u1T61USeb/Wfh2HKRu/AnyIw2yGmu,923
jacintha672,RXSvKpXtVOZ,$2b$10$7w1aukBMeabK8eDXesmpv.F1.G76OpeHPrWNJkxmm85MMRi2cHW0i,924
heindrick409,tY79v77XEu4,$2b$10$uKJ1FwIxLDtdYP0kk.IXzuhwDCm23ClA8.afrDGb0o6dc6tqJWqEu,925
opaline551,Brj2AGsD,$2b$10$duHWoPJOGWqc/4BaFS2WRuoeBer.ImqUrKeD1eaVqmKQAjK5fBOwm,926
nettie312,Df0DLYg10q,$2b$10$OcE1F.FWH790UWGFWmiQHO2PvOtGlX7LdalphCnOpX0vHTGInTfzW,927
rab577,DtDeGt,$2b$10$DiJBQh85AIKt8d.8YfUF4.1cUv2RkhBHZ.YkmxLEAoUfmF99mQHlO,928
costanza664,Js9WnbF,$2b$10$V2Tu7mY0f5cjtgTFEum8h.Z7qugDVenlOZ3vtTZhKDnU64GHQHcGG,929
yves497,VxDovR4gu,$2b$10$CSJEZtwOA26JEEsP5h5Qy.KO9qZYuufISDSRPoGCw.VKSuwmdNBCu,930
stacee454,eKDEgpilmu,$2b$10$jPy6ThC4.EbiouvXCuHg5.l55QvJr8tl9XJ6xfesqu3hhRSMBTzh6,931
anneliese386,uSe9NX0o,$2b$10$S3YmH.uRAmugRiVs4xmSyeoNkQUEQrr9qWxrEkPPW9hmahkT4ytnS,932
jerry600,gdJ30Y2iJFBW,$2b$10$ojw4dXmOxUQsy3iBQ9qZ8OSZD/lXY/CxPyfvaYVkJFsaBlQyj0HvO,933
melita955,EuVIAj,$2b$10$41wjiwUkoBwFAZO2wFugEO3UV/UVkvyhox8eQftarcHVshkGRZafm,934
pavla777,D0ApcXj4Wiuv,$2b$10$toJtIP6EbPQZL0nT7eBzeeE1Uq5yh3MPvSwmkXfmdly4V5TT9gMvu,935
vonni187,MmHURc8whlQ,$2b$10$H2dC8RVZCAoj0guwq9qLtunaFa39OB169ngBahOsZjEd3r3v02rbe,936
fenelia206,kILL318tDYG,$2b$10$pAfa1aMD7nB5.7ZDPf6sGuG353vb4kwkMGSWnHKB880u7NFLaVw7q,937
jeane639,OAWG8Zte8b,$2b$10$Gnrz7akO.blBlZ0fW.bjwOniGvQTjkr8GUVBcKmjb.YjZY5q.PiM2,938
kelci895,v8OaN6wjWGGk,$2b$10$r/VHiD6cFHLAWXPkv4eJaed/E4xHxGMZ9ALtuGoV.VgRhu1u7UARu,939
davide638,UVXq5Pwmmak,$2b$10$6GQSaXTOQZSEMa8W89NwLOU8Ips0kq3hL.fiqDpWbggcWt5FECTSS,940
kienan829,nNDvSPq,$2b$10$.W6LO7mFUu4hkX71aoN1guIL6xXYrhVHAZ6ctThCYGDqa8TMWwpTG,941
minnaminnie556,bOeBNQRqC,$2b$10$uUl3kMYSNIPZe92DOiAzBeX9vfNDYEnFPRxiKmgcFVQt5wrShUGLa,942
blondelle124,jZkHeX,$2b$10$VggoDuSWxzo6gabV/ym2wOuGe1eMu7ybON45Jt/VrZHsxZdJaoWFu,943
katusha435,SjIsJAYi6g,$2b$10$eedCRESZHkzEhRKa0P4L3u/XWp7LkKrjY6EZEoZsD8jyhTaEI7I6O,944
major563,sodw66S,$2b$10$tIx5PG20iybYiv/n1NcJWukZLodEhjLHGKa1I1mvzluY49f3UTjHK,945
joshia944,q2Xa6PZ,$2b$10$CRbyatn7zBMSa5WCGELqF.gOGT8E2bn5/q3zgDe8.l2BZXMr284be,946
delia488,Qdh0Aleh,$2b$10$KV1322z/frdhfgMh1XZ/i.Q6CJOxbRH07zaMEJiHrnnKPg9uouuhy,947
huey736,WI1CD5TnJ3,$2b$10$y45o79dbYG2FZqdFZDfuOuO1AgFuqGc914tzmCTXmDJVYRgjZSLKa,948
gustavo859,Zf7vDw,$2b$10$9ft.XDAmJw2obQCC/yUXNO9wJMo3eB8OTl3YR9XH1eX0h7naCI4GG,949
alysia695,ebSbYt11ay,$2b$10$5dut1vTWX2M8NYKh0REqLO4woyb/vRUHm5KM135MqKwMZZL0pmQsC,950
boot295,00OS24,$2b$10$894yoq2z.WBDhPJ9zoY69e.ZEW7ieqNvh2g3DgKnm.ipabsBe2iO2,951
chick874,bjqS06E0,$2b$10$2nbM//UffvV97646Wxkgzu6wjCWVdiP/oCQ.4A1IDxojBiK9PbiUK,952
cointon995,rWNqty,$2b$10$bsFDbbPdr9EH6QpRIlAqeegTLZG/dKXqqB6ZK.KBaGkbJDZJlHI6u,953
rockey742,efiyezsgo,$2b$10$JZWQVhbm9l32YN3M44eDLuSnOzFDADC0dc2QszSCXV1DetmeH7tme,954
florrie721,ikdgEZ,$2b$10$2RhvWSlPa0eMsOActR.Wz.I/bqEEZDACj3xA6NR3n6fHL/P9s/92q,955
osborn533,UHVjTb9V5K7a,$2b$10$xo5U0f.nB7fJHLUXlcR5nuTpV9mz5fELrKyUy8R97FFHQI4p0YIdW,956
margeaux562,cPKCcXhh,$2b$10$nA2nkfyLqz3ri6.6MBMCU.uYQAxldRrVie88TAlvIrUZnfatJxblW,957
dylan153,oITkqLPldIu,$2b$10$gegV6pWN1q/3KkMjKMtmnup35zeqoFmCwjTzAat4ObmzYbTQP9Zhu,958
nil636,Un6Wsx,$2b$10$LY3nj/uUx5ScpmLrM3cLOuQHvHXdweYQpXUSQVSfO//QXZSlQyQWK,959
jozef814,z0Zu8ycLn7fI,$2b$10$7MhNFADrPx/IJvgetU02Ued6R3m.jeagQcL0C2igjOpQQzQfqFuwu,960
emmalynne306,ZXlj10CFm9v8,$2b$10$OK8fDTSs/m0sq3dDWGxlD.kZ1NMawaSPj3oEcCrAwQDh8k7RRzrM.,961
loralee399,5Zz6NzetriI,$2b$10$sLMcHwNS7rtPCXtmieVwveukZuRyrj6IpkfD4GAcFpS.WAbeM../q,962
ania316,3fC5D6id,$2b$10$gF5jEmgRuvQtIBE5K/3s2esi27nQU98pJ51i3sGyPzLkq5sDUgKj.,963
christean110,Nw7Ri7,$2b$10$L43CGrlrVUSoXxt1bay.6.lgPcGe5FM6IZraWBmydnmv3.p4xIpv6,964
louise123,RbHycXLFhH,$2b$10$AAK8Tk337wupw6vVd.Re4..941UPxQO2ROkHOgXHkZLKrPuiHS74m,965
othilia315,IxxP4dwWs,$2b$10$78X8R5k/lJCbxfyhbWwxqu3mLaoaqju4f7okxWM3ph1UTeJFlqZGq,966
hamlin999,9PwMDDI5H,$2b$10$zJ9trMI/n/lBirvODHQwH.9ZSCBPaGjztbjAdynHi4EwCKbZiOhmq,967
mallorie681,23dbNXRj3QfD,$2b$10$8V/nqodszUkOUG5lI21WjOVzH6RvDqOtPatbQW6rsCch21qNgJz2W,968
asher135,006R0o0,$2b$10$Z1CYI5q7fInumC9h7liP4uFvvFAcsvipPsTcnM49gVqUEr0J8AhHC,969
alfons518,AeKdglnxpKu4,$2b$10$IcHWIZcyXJ2ZY4hQXuliQOe.El0kKkRTJ2CitfPNPWi14m5LiIkPK,970
suzann346,jO7Lou,$2b$10$.w2b.iTI1nYa5.C9H2u0WuZwfnb2zWtqWy/CkzXAiaMXqhcHjrgtK,971
brenn914,gvznJU,$2b$10$DDzo42r/nHqy5cVzet4o.uvC0e5GyldqoZ/I0V.Ak9E5MAwuxD1NG,972
delbert401,muJtgeP9gC,$2b$10$qaXFiZS/fzls3CJ94fODJeW.LJd587xRWm1f5GoKd3ADOn10xwWYS,973
fredelia903,izxAQLHMAB,$2b$10$dWRFZm83l/tCpS24Y4yBR.8fnBUtTabsFMRHSrLCpYzaJ6dovLZ0W,974
ive610,VFshwj,$2b$10$JfSi5Lnjzc6tFSHTLBqYZ.RQKAZUg9DhuVLIem41eaes/tNUGVxEO,975
jennifer155,bpOljxdX,$2b$10$tThnW.LTwtw69HZhnncBx.fUz4g9VXnk6BpxhGtzhwu49JlblFX66,976
liam204,6Op1KlviJOdD,$2b$10$1R.K77gC6XMdsgmWx8jL8eSrgZVmuOefSWRV1LePaUA9ITM36JJy.,977
vincenty773,Kx7Od7A2Hf,$2b$10$MDkv.tWuS8wVPZdx0sqkD.PuYJvN8Q0zmI9mmddg9o6pI.actJdAC,978
kay987,VoajgQJ,$2b$10$sQm52oyQp7NceRtzfPvdpOmE3b3JR6JmuAxlSQISKeqq93k3TGw5K,979
ibby846,S3X7hh1YG,$2b$10$/yIC2SG5GJMGKLvxgpA0wupEojNRYn5dlvUBNMyA2X4x3eiaI7.Pi,980
jocelyn129,e1RWVl,$2b$10$/2Ek2OOvwP3Hsm3468jpweFDQ//BUgj4Gmq/ll/FbZet/9Hcuy3jG,981
desmond861,IZHQIxTGZ,$2b$10$jfvaDdG4muVCEOlFPUKLfufdh.sc3fpm7J4WtoseLZFeZIsV6EX36,982
farr237,8wjSLN5,$2b$10$Ubd3Y.Zg3HuDLIKvlNfKpe7yH10.5lfTIBcq209a6WMasSF49pOV2,983
gil992,JvgeTPCIDhNQ,$2b$10$WsSBh.NQITYFk2V7Jf8g5OQVynUudju62R0c2MloKWeDZcHIrDFOa,984
ailbert298,qzXTcGD62,$2b$10$att8ljF8S/pCqj9r4yEx6ewXXhSihvwjhWT9OTadRAn2oSH4V//F6,985
roshelle484,KZwLMlYZ1MX,$2b$10$7EdQ.ambmb70md01xzEl2O2UtzgAQVJFYwww2G.h4880xmOL9mqw2,986
eward247,HtIlZCV,$2b$10$1ng6WxNOqMtzchJsD0TnuOBNSo.mm54cMqEWFIap2HqwYjo0QiZWm,987
lenka322,4wXjkm6t,$2b$10$h4mDsLVndALNI4XApZjACeb9bQsyIx2XdYQLMRJRa7aipwYalDiom,988
carolan359,LYjmLwBr,$2b$10$IXcDQ37xSm141CT7VzSjrOwQobx2Xb0VUrBUhb4jvuuu0JWNW8d7q,989
sheryl333,mIPDBdXh,$2b$10$yQoKz6YULtGBNoZl3qfg4OxyjeuVupwlO/KR6KGDE1f2R5FK6YvQu,990
katheryn128,nutz6cW,$2b$10$92KZkxRbgjYkW3cU003x/O0Bo6Rj/EZN97jhq9QPTq/y1AuOFP1Ii,991
gaven155,f8GgeKvUbVLn,$2b$10$00Y2PGfhKmNnBeiDvO6j5eWjIZtIFRfU/d/DRNy6UBFhsO/JKCkP.,992
lorilee616,RcbFi4lCa9zt,$2b$10$XAJGN9VgGRSi9Ri90V4BG.NZ1xOyIxbhvntdU1UtbksiAiDMTVYEC,993
clair575,GQSWHKxsq,$2b$10$V/Q1IIgk0SqkfDA1v45tteanEBrv6sofsl9oRKRcOKKsLgs1S7doe,994
jacob755,AvLKSaKKF,$2b$10$gS1Oap3Wc6/1qW/aNH8i8uqvjoYTxuT8zgenrJyt0W5MWSbKP8Y/6,995
franklyn546,b75FIpFsQ,$2b$10$MgOcBxDFMhgGMmFOPckZGO.c7RdqFiyCAOqvIue.jJSANyOmTLO56,996
brody702,5ajksGYbd07,$2b$10$cR6ZBjCQlYgrU93lIUlV1eGixW.gqe1nJDKonJlxRQYuo6D1GfWne,997
nicholle774,WHDB5Q,$2b$10$QcnjhgOoxZ4yHMx1Es7zOu/mGZ9ozaIIaurmmAGwSdNZd4.zzQvve,998
neila810,kkLSFbgYyA,$2b$10$z1uBjmFl0turq2LbSX9eCOvIHIafxmLSlORzvl32Ze2foqx9RRT9W,999
noellyn525,d3tkuVaLj,$2b$10$Lys6.qkvITXVTfWVGF8Wf.g.i648nsHwfa8ZmxxGw7444TqxLL6Um,1000