CompanyID,LicenseNo,Name,Description,Address,Email,Website
1,22-604-5305,"Predovic, Robel and Considine",deliver next-generation e-markets,"2535 Amet Rd., Alto Hospicio, I, Libya",bjakov0@nydailynews.com,bjakov0.nydailynews.com
2,14-884-0764,"Cassin, Kuphal and Feeney",incubate cross-platform interfaces,"Ap #720-5588 Nec Street, Kalisz, Wielkopolskie, Sweden",bellwell1@ask.com,bellwell1.ask.com
3,55-062-1393,Wolff-Hand,deliver e-business e-tailers,"6200 Non  Rd., College, Alaska, Somalia",ecartmale2@rakuten.co.jp,ecartmale2.rakuten.co.jp
4,97-889-1380,Tillman-Waelchi,grow 24/365 e-markets,"268-6328 Mauris St., Abeokuta, OG, Grenada",atolchar3@jiathis.com,atolchar3.jiathis.com
5,94-667-5339,"Goyette, Daniel and Leannon",aggregate efficient eyeballs,"1147 Amet Av., Cartagena, Bolívar, Bouvet Island",dtinkham4@deliciousdays.com,dtinkham4.deliciousdays.com
6,62-730-1167,Crona-Leannon,deploy compelling platforms,"9830 Ut Road, Denver, Colorado, Lebanon",pcollocott5@businesswire.com,pcollocott5.businesswire.com
7,39-171-9950,McKenzie Group,mesh vertical web services,"P.O. Box 765  6649 Aliquet St., Masterton, North Island, Australia",hellwand6@usda.gov,hellwand6.usda.gov
8,41-869-6620,Rempel Inc,transition B2B users,"Ap #491-4948 Fermentum St., Las Palmas, CN, Uruguay",nsmails7@newsvine.com,nsmails7.newsvine.com
9,79-050-4041,Kris-Jacobson,enable robust supply-chains,"Ap #940-6706 In St., Whyalla, South Australia, Senegal",pgration8@clickbank.net,pgration8.clickbank.net
10,33-603-3069,"Bode, Deckow and Schuster",optimize vertical applications,"Ap #211-207 At Avenue, Gumi, North Gyeongsang, Togo",aparlott9@canalblog.com,aparlott9.canalblog.com
11,19-983-3880,"Reinger, Langworth and Wunsch",brand bricks-and-clicks deliverables,"P.O. Box 751  5764 Ultrices Street, Talara, PIU, Qatar",cmerklea@indiatimes.com,cmerklea.indiatimes.com
12,59-703-5572,Hettinger Inc,maximize cutting-edge channels,"Ap #973-9808 Malesuada Street, Belfast, U, Barbados",rschoularb@linkedin.com,rschoularb.linkedin.com
13,55-481-5288,"Hermiston, Legros and Hand",maximize global systems,"6233 Adipiscing Ave, Pınarbaşı, Kayseri, Jordan",ballchinc@slate.com,ballchinc.slate.com
14,69-892-6039,DuBuque-Paucek,maximize clicks-and-mortar ROI,"Ap #388-6734 Fusce Rd., Merthyr Tydfil, GL, Gambia",ahethrond@disqus.com,ahethrond.disqus.com
15,30-465-0710,Yundt-Price,reinvent turn-key users,"Ap #196-1425 Lobortis St., Ödemiş, İzmir, Jamaica",rmcqueene@aboutads.info,rmcqueene.aboutads.info
16,10-682-1930,"Hyatt, Fisher and Crooks",deliver 24/7 markets,"706-3664 Ante. Rd., Eindhoven, N., China",vnottif@mlb.com,vnottif.mlb.com
17,12-701-6351,Lynch-Hyatt,recontextualize cutting-edge web-readiness,"P.O. Box 874  6511 Pretium Av., Lidingo, Stockholms län, Indonesia",jmacdaidg@symantec.com,jmacdaidg.symantec.com
18,52-199-1255,Lemke LLC,transition best-of-breed convergence,"390-655 Lacus Avenue, Victoria, IX, Barbados",gwiffieldh@foxnews.com,gwiffieldh.foxnews.com
19,70-316-0892,Langosh Inc,harness one-to-one partnerships,"P.O. Box 380  6881 Non Road, Dublin, Leinster, Nepal",closebyi@ca.gov,closebyi.ca.gov
20,82-725-0132,Mosciski Inc,empower impactful web services,"P.O. Box 858  5028 Torquent Road, Northampton, NT, Guam",atettj@indiegogo.com,atettj.indiegogo.com
21,36-521-1581,Nitzsche and Sons,exploit real-time ROI,"P.O. Box 841  4469 Euismod Road, Missoula, Montana, Curaçao",gbecksonk@wisc.edu,gbecksonk.wisc.edu
22,76-326-1321,Harris-Maggio,strategize revolutionary systems,"P.O. Box 837  8779 Orci. Road, Mogi das Cruzes, SP, Mongolia",rantoniottiil@marketwatch.com,rantoniottiil.marketwatch.com
23,06-674-2320,Kuhic Inc,transform transparent infomediaries,"976-4089 Curabitur Road, Oostkamp, WV, Netherlands",emusgrovem@gravatar.com,emusgrovem.gravatar.com
24,91-905-1612,"McGlynn, Hansen and Nicolas",embrace e-business infomediaries,"6441 Suspendisse Street, San Nicolás de los Garza, Nuevo León, Saudi Arabia",tgraystonn@webmd.com,tgraystonn.webmd.com
25,86-450-9697,"Prosacco, Cronin and Wilderman",implement extensible e-tailers,"Ap #644-2364 Vitae St., Vienna, Wie, Belarus",bdeverauxo@comcast.net,bdeverauxo.comcast.net
26,17-992-0022,"Hettinger, Becker and Walter",expedite seamless ROI,"458-2305 Porttitor Street, Envigado, ANT, Dominica",ashemminp@macromedia.com,ashemminp.macromedia.com
27,32-624-8857,Stamm-Littel,enable real-time eyeballs,"624-8190 Congue Street, Divinópolis, Minas Gerais, Ethiopia",idumpletonq@princeton.edu,idumpletonq.princeton.edu
28,65-424-5714,Breitenberg-Kulas,whiteboard interactive e-services,"675-8284 Sollicitudin St., Cartagena, BOL, Oman",nkaleyr@i2i.jp,nkaleyr.i2i.jp
29,48-778-0115,Kuphal LLC,reintermediate dynamic applications,"222-2389 Magna Street, Yekaterinburg, Sverdlovsk Oblast, Papua New Guinea",hschafers@sphinn.com,hschafers.sphinn.com
30,73-187-9881,Daugherty-Olson,matrix integrated solutions,"721-4916 Ornare. Ave, Palopo, SN, South Georgia and The South Sandwich Islands",obaudaint@prnewswire.com,obaudaint.prnewswire.com
31,67-108-7359,Gerhold and Sons,e-enable efficient markets,"Ap #289-190 Ipsum. Av., West Vancouver, BC, Lithuania",fdelahayu@imageshack.us,fdelahayu.imageshack.us
32,00-262-3201,Harris-Beer,cultivate impactful models,"Ap #869-7894 Vestibulum Rd., Galway, Connacht, Singapore",rbellonv@w3.org,rbellonv.w3.org
33,86-373-9569,"Cummings, Smith and O'Connell",evolve open-source functionalities,"3437 Magna Road, Curridabat, San José, Jordan",rcampbelldunlopw@deliciousdays.com,rcampbelldunlopw.deliciousdays.com
34,71-429-7010,Green-Harris,productize B2B applications,"8661 Sit Rd., Istanbul, Istanbul, Swaziland",aesherwoodx@mayoclinic.com,aesherwoodx.mayoclinic.com
35,71-839-2297,Hauck-Denesik,leverage transparent experiences,"498-2774 Volutpat. Rd., Hunstanton, NF, Wallis and Futuna",pclausewitzy@e-recht24.de,pclausewitzy.e-recht24.de
36,76-657-6003,"Fay, Hessel and Borer",synergize dynamic niches,"P.O. Box 876  5796 Tortor Avenue, Carapicuíba, São Paulo, Ireland",mmoughtinz@shutterfly.com,mmoughtinz.shutterfly.com
37,32-981-3347,Kreiger Group,e-enable value-added vortals,"449-4819 Nullam Rd., Annone di Brianza, LOM, Moldova",krembaud10@unblog.fr,krembaud10.unblog.fr
38,78-701-3971,"Luettgen, Hayes and Ward",repurpose revolutionary e-markets,"532-6052 Leo. Rd., Motala, E, Malaysia",rdandie11@pinterest.com,rdandie11.pinterest.com
39,55-006-6345,Koch-Graham,engage B2B communities,"Ap #147-262 Morbi Rd., Gboko, BE, South Africa",rthirlwell12@ow.ly,rthirlwell12.ow.ly
40,65-061-1257,Spinka-Crist,revolutionize cross-platform synergies,"314-5348 Non Rd., Abbotsford, British Columbia, Ukraine",stite13@webs.com,stite13.webs.com
41,48-030-5483,Mayert LLC,deliver wireless experiences,"Ap #965-6212 Sem  St., Sosnowiec, SL, Mauritania",yweddeburn14@webmd.com,yweddeburn14.webmd.com
42,94-426-7802,"Douglas, Keeling and Murray",revolutionize transparent web-readiness,"Ap #951-1983 Morbi Avenue, Hoofddorp, Noord Holland, Burkina Faso",oorrill15@google.com.au,oorrill15.google.com.au
43,75-667-2340,Harris-Lesch,integrate global communities,"P.O. Box 424  2694 Nibh Rd., Dera Ismail Khan, KPK, Armenia",tmacgillivray16@dot.gov,tmacgillivray16.dot.gov
44,76-058-7561,Walter and Sons,incentivize 24/365 e-business,"435-2566 Eget Avenue, Iksan, North Jeolla, Uruguay",afrays17@weebly.com,afrays17.weebly.com
45,19-474-9382,Gottlieb-Kemmer,synthesize proactive ROI,"279-2244 Blandit. St., Ila, OS, Saudi Arabia",hveschambre18@delicious.com,hveschambre18.delicious.com
46,05-274-5784,Harvey and Sons,implement sexy e-tailers,"P.O. Box 598  5534 Aliquam St., Suncheon, Jeo, Reunion",esignore19@guardian.co.uk,esignore19.guardian.co.uk
47,92-252-4753,Wolf-Price,envisioneer frictionless systems,"347-3865 Magna Avenue, Çarşamba, Samsun, Bulgaria",ccasebourne1a@vimeo.com,ccasebourne1a.vimeo.com
48,57-499-6897,Ankunding Inc,brand wireless bandwidth,"Ap #762-3827 Cursus Road, Rocca d'Arazzo, Piemonte, United States",kcandy1b@mlb.com,kcandy1b.mlb.com
49,69-263-2396,"Ziemann, Carter and Crona",aggregate vertical ROI,"290-7663 Nisl. Street, Recogne, LX, Equatorial Guinea",epinar1c@dion.ne.jp,epinar1c.dion.ne.jp
50,98-862-3297,"Dare, O'Reilly and Purdy",transition magnetic content,"Ap #623-6245 Eget Avenue, Meerle, AN, Croatia",lepine1d@cnet.com,lepine1d.cnet.com
51,56-808-7995,Hane-Doyle,transition frictionless metrics,"Ap #653-6000 Sodales Road, Toledo, Ohio, Antigua and Barbuda",mtreweela1e@altervista.org,mtreweela1e.altervista.org
52,73-357-4673,"Wiegand, Prohaska and Kub",visualize extensible solutions,"Ap #933-3692 Quis St., Funtua, Katsina, Denmark",jgauson1f@smugmug.com,jgauson1f.smugmug.com
53,70-832-1615,Gleichner-Legros,revolutionize vertical networks,"360-1567 Suscipit  Avenue, Hulst, Zl, Kazakhstan",ftosspell1g@biblegateway.com,ftosspell1g.biblegateway.com
54,33-382-8801,"O'Conner, Kris and Schowalter",mesh rich e-commerce,"Ap #569-1740 Laoreet Street, Vienna, Vienna, Korea  North",tferrarotti1h@elpais.com,tferrarotti1h.elpais.com
55,07-947-6784,"Zieme, Lakin and Carter",recontextualize out-of-the-box portals,"181-6237 Adipiscing St., Vienna, Vienna, United Arab Emirates",lcuniam1i@slideshare.net,lcuniam1i.slideshare.net
56,04-623-8977,Johns-Lowe,streamline seamless technologies,"P.O. Box 784  6598 Nec Road, Tarma, Junín, Falkland Islands",sgrosvenor1j@cargocollective.com,sgrosvenor1j.cargocollective.com
57,52-114-2135,Witting Inc,recontextualize ubiquitous action-items,"Ap #316-4504 Libero. Ave, Kostroma, Kostroma Oblast, Morocco",kgallemore1k@google.it,kgallemore1k.google.it
58,78-469-6230,"Raynor, Walker and Jakubowski",syndicate holistic functionalities,"P.O. Box 478  4372 Mus. Av., San Joaquín, Metropolitana de Santiago, Martinique",hmawdsley1l@samsung.com,hmawdsley1l.samsung.com
59,50-035-1636,Hamill-Goyette,deploy granular eyeballs,"P.O. Box 422  3332 Metus. St., Feilding, North Island, Bahamas",chasloch1m@imageshack.us,chasloch1m.imageshack.us
60,14-955-9405,Nikolaus Inc,incentivize synergistic web-readiness,"Ap #312-6116 Libero Rd., Gladstone, QLD, Lebanon",epeppard1n@nature.com,epeppard1n.nature.com
61,56-295-0061,Kautzer LLC,transform turn-key bandwidth,"Ap #594-3445 A  St., Yongin, Gye, Romania",scubbini1o@oakley.com,scubbini1o.oakley.com
62,84-492-4411,Hartmann-Brakus,enable ubiquitous infomediaries,"5785 Vel Avenue, Huara, I, Gambia",sgiddins1p@sfgate.com,sgiddins1p.sfgate.com
63,16-486-6108,Dietrich-Denesik,drive web-enabled e-services,"Ap #922-9456 Vulputate  St., Zhob, Balochistan, Bhutan",scurryer1q@lulu.com,scurryer1q.lulu.com
64,34-555-4261,Braun-Bartoletti,redefine dot-com communities,"3040 Duis Rd., Langenburg, SK, Bangladesh",nwinteringham1r@cisco.com,nwinteringham1r.cisco.com
65,02-281-7960,Senger-Stamm,aggregate back-end markets,"Ap #233-8799 Etiam Avenue, Apartadó, ANT, Luxembourg",ccariss1s@cornell.edu,ccariss1s.cornell.edu
66,32-217-5107,"Paucek, Wehner and Kunde",redefine visionary paradigms,"Ap #903-7481 Purus. Av., Schagen, N., Tanzania",lreddington1t@mit.edu,lreddington1t.mit.edu
67,24-563-8506,"Ortiz, Corkery and Koelpin",architect best-of-breed experiences,"995-7886 Tincidunt St., Cork, Munster, Paraguay",jeastbury1u@engadget.com,jeastbury1u.engadget.com
68,11-875-2260,Cummings-Labadie,generate wireless paradigms,"P.O. Box 554  3093 Vel  St., Gloucester, ON, Ghana",gdevey1v@nydailynews.com,gdevey1v.nydailynews.com
69,22-439-3296,"Hahn, Lubowitz and Halvorson",harness impactful platforms,"Ap #766-8216 Metus. St., ZŽtrud-Lumay, WB, South Sudan",lpollen1w@amazon.de,lpollen1w.amazon.de
70,21-234-4501,Zemlak and Sons,monetize vertical synergies,"277-7826 Ut Ave, Gbongan, OS, Tuvalu",hbuessen1x@t-online.de,hbuessen1x.t-online.de
71,08-397-9735,"Simonis, Kling and Mraz",productize ubiquitous models,"Ap #843-1145 Tempor Av., Wilmont, ON, British Indian Ocean Territory",ttunniclisse1y@webeden.co.uk,ttunniclisse1y.webeden.co.uk
72,15-388-7447,Kub-Aufderhar,productize killer partnerships,"P.O. Box 300  1813 Ultrices. St., Nelson, SI, Nepal",jiacovini1z@goo.ne.jp,jiacovini1z.goo.ne.jp
73,54-363-4251,"Moen, Osinski and Weissnat",unleash proactive initiatives,"868-6636 Vitae Rd., Envigado, ANT, Azerbaijan",abielfeldt20@guardian.co.uk,abielfeldt20.guardian.co.uk
74,10-631-9234,Ferry Group,extend sexy web services,"Ap #594-2242 Donec Rd., Phoenix, AZ, Hong Kong",prubinivitz21@edublogs.org,prubinivitz21.edublogs.org
75,45-151-4716,"Thompson, Lang and Crist",cultivate enterprise channels,"Ap #792-700 In Road, Iksan, Jeo, Bouvet Island",dklaves22@hostgator.com,dklaves22.hostgator.com
76,23-632-1208,Leffler Inc,engineer end-to-end e-markets,"6829 Aliquet Street, Aurangabad, Maharastra, Congo  the Democratic Republic of the",dlanchbury23@yahoo.com,dlanchbury23.yahoo.com
77,86-595-9514,Anderson Group,synergize leading-edge supply-chains,"605-5586 Sodales St., Santander, CA, Reunion",adodgshun24@dedecms.com,adodgshun24.dedecms.com
78,86-139-0781,Bradtke-Heathcote,facilitate global deliverables,"2622 Felis. Avenue, Cupar, Fife, Cuba",aradnage25@cbsnews.com,aradnage25.cbsnews.com
79,07-132-6614,Wyman Inc,disintermediate scalable niches,"291-6989 Erat  Rd., Padre Hurtado, RM, Greece",pbickerstaff26@t-online.de,pbickerstaff26.t-online.de
80,73-455-2880,Schimmel-Hoeger,transition 24/365 schemas,"3852 In  Road, Charters Towers, QLD, Canada",sstaley27@adobe.com,sstaley27.adobe.com
81,29-577-4720,Ullrich LLC,leverage transparent paradigms,"8454 Viverra. Avenue, Yekaterinburg, Sverdlovsk Oblast, Cuba",gfarress28@friendfeed.com,gfarress28.friendfeed.com
82,36-886-1407,"Bechtelar, Connelly and Boehm",e-enable wireless vortals,"Ap #312-8612 Sit Street, Nanded, Maharastra, Sweden",jlavrinov29@noaa.gov,jlavrinov29.noaa.gov
83,89-586-5261,"Maggio, Wehner and Ratke",revolutionize distributed paradigms,"4272 Magna. St., Melle, Niedersachsen, Saint Kitts and Nevis",tcosgry2a@cyberchimps.com,tcosgry2a.cyberchimps.com
84,98-559-4414,"Padberg, Heidenreich and Predovic",productize front-end portals,"252 Parturient St., Gdynia, Pomorskie, American Samoa",tblackman2b@earthlink.net,tblackman2b.earthlink.net
85,67-344-4199,Yost-Pouros,redefine end-to-end technologies,"Ap #349-6999 Est  St., Galway, Connacht, Thailand",ceason2c@rakuten.co.jp,ceason2c.rakuten.co.jp
86,76-534-3472,"Cremin, Rosenbaum and Bashirian",disintermediate web-enabled solutions,"P.O. Box 278  1254 Scelerisque  Rd., Lac-Serent, Quebec, Estonia",fhemphill2d@altervista.org,fhemphill2d.altervista.org
87,23-421-9619,Fay-Rau,benchmark compelling applications,"P.O. Box 589  4478 Consectetuer Avenue, Warri, DE, Solomon Islands",bdenore2e@creativecommons.org,bdenore2e.creativecommons.org
88,46-714-7471,Muller Group,synergize next-generation models,"9034 Pharetra. Street, Retiro, VII, Niue",lseniour2f@1und1.de,lseniour2f.1und1.de
89,30-062-9970,"Welch, Turner and O'Reilly",embrace wireless web services,"7468 Etiam Ave, Acquafredda, LOM, Anguilla",tnewlove2g@typepad.com,tnewlove2g.typepad.com
90,04-082-6884,Johnson Group,implement wireless metrics,"P.O. Box 209  7790 Suspendisse Av., Bragança, Pará, Niger",sgerardot2h@imdb.com,sgerardot2h.imdb.com
91,08-865-7716,"Schulist, Jerde and Romaguera",orchestrate global web services,"902-375 Diam. Rd., Te Puke, NI, Ethiopia",rbedborough2i@pcworld.com,rbedborough2i.pcworld.com
92,87-464-0052,"Greenholt, Herman and Gislason",incentivize proactive e-commerce,"794-4507 Vel St., Feilding, North Island, Libya",obenbow2j@senate.gov,obenbow2j.senate.gov
93,53-229-2482,Emard Group,brand cross-media web-readiness,"1835 Tellus  Road, Vienna, Wie, Slovakia",ashields2k@mozilla.org,ashields2k.mozilla.org
94,87-030-9860,Herman-Marks,whiteboard killer mindshare,"2716 Quis  Street, Novosibirsk, NVS, India",bhenzer2l@plala.or.jp,bhenzer2l.plala.or.jp
95,22-177-6534,Harris LLC,evolve 24/7 mindshare,"P.O. Box 966  777 Quis Rd., Borchtlombeek, Vlaams-Brabant, Cape Verde",pflarity2m@yellowpages.com,pflarity2m.yellowpages.com
96,05-769-1259,Feil-Mante,repurpose bleeding-edge e-tailers,"2983 Arcu. Avenue, Liverpool, NSW, Guinea",wdelacroix2n@cnn.com,wdelacroix2n.cnn.com
97,56-651-3387,"Ryan, Nader and Murphy",integrate viral infrastructures,"818-4224 A  Street, Berlin, BE, Bahrain",cbotright2o@yandex.ru,cbotright2o.yandex.ru
98,40-026-3825,Ebert and Sons,brand plug-and-play functionalities,"Ap #686-9886 Proin Ave, Tulsa, OK, United Kingdom (Great Britain)",sdorracott2p@parallels.com,sdorracott2p.parallels.com
99,92-933-6001,Goldner-Gottlieb,aggregate mission-critical web services,"Ap #464-2289 Ultricies Road, Ede, Gelderland, Saudi Arabia",jsparshutt2q@examiner.com,jsparshutt2q.examiner.com
100,08-430-5184,Carter Inc,streamline wireless web-readiness,"P.O. Box 122  1873 Tellus Ave, Lakewood, Colorado, Poland",lrevance2r@mapquest.com,lrevance2r.mapquest.com