pharmacyID,username,password,hash
1,vworrall0,EBbd85ICWOt,$2b$10$wEcosQeCGc9mFrfK5VGQp..UDVZe6f5bUlEjoewjaTM4G/qHabF22
2,abeernt1,WOpgcO0Vf,$2b$10$7OHWKLCDAghquGIKjyqDbu6UZapaEL3STcmpeeK2B/hOazSGQqUM.
3,tblazy2,4s3NYhb,$2b$10$BkM5wIpCRPCliQ0iMWmzQOXUXqkBctobAz7TzGOh3MluaJpsz7q.a
4,kfeechan3,5hbuxdAJf,$2b$10$a7ibyeuXFMVxd0CZ1sylBu4A1FvQCHWdYbQE22wIHaVgjdzbKa9BO
5,jmilverton4,nztPSO2OZG,$2b$10$icAxj5KbbUga3Yn0bdQ6I.7qTjDR52hZo18h3n294BHA9h0v3ff.q
6,jpietruszka5,GgmbOSt0,$2b$10$QqWR428B8je1n9.EwuuZq.1k45CYb/ZstXYSlMLQxRxF8ZLFTiYO2
7,nburless6,TSEGUqwhzjE2,$2b$10$PiL246U.cMYIdxpXH7X7iOxLVMc3V9jPZRmBYusdBiVyWSZeZzC16
8,fkreber7,5OHuJuCqk,$2b$10$BlqtJBdt9tKFnsGm7AK2healOzeprOPs16fvYRnOvIVzcFIFeHbM6
9,jshipsey8,S7hYDiuZ,$2b$10$TFl2KwEezKnQ7qQ/2.r40uUfhtpMg86CrZbKqwZAYwcsxOYVX1/.O
10,dgerraty9,miFBr8p,$2b$10$fsiiXIlgFd0d6EbFNtOkCub2huecPP4Xs4c2d45PrP8lkhH.C6mS2
11,lbannestera,n0UScp,$2b$10$k7wpUGMkR.m4pvN4mWLAKeEYXvHTHntiTerKlgm6WiCCzd/IkmlRm
12,hscarsbrickb,YPodyJPMjDWT,$2b$10$4WOg1sY9zFDZXt98CSMyoupGHZcAMqViab2s0nVSyfSOOBnA0FdG2
13,edomanskic,vfro4tbqV7jd,$2b$10$9J74VR.d88YUvaD7gXAjXO43fNFWTJWay4dnDpNGdswwvJG/URU6e
14,mlademannd,Ejp1CxD,$2b$10$aGt2NMpuq8wb8.n.UGaENOic3tjPvCwulANiQEydQtvt1Hp9cHcjK
15,dsallowse,xTYs44T,$2b$10$TctNv0Aok4xSTjLbGh7s6OqWoufkYjpxq.XznvKaufCKrdclLJSoS
16,breedyhoughf,SH6HCY4Jw,$2b$10$PCP6Mq8XzFoy9ESpHJqh2O7CQxAU5cJzXsteoWemAnCjYBa7l3gLC
17,scrowcheg,KIfnR7XK,$2b$10$edE9cMyNsFjd1R999WBpfuFiK/UIlj193iv3t2qd04UbrXIELoqH6
18,wmathevonh,Rf2Q5C,$2b$10$WBXQSmhEABiKf.AZmczQ3uleoxXoP4hI2hNiMNtoIfe8BW22lpBsa
19,wdragei,CiQyQBIKi,$2b$10$RxKLK8DjovmxRWhAhXdUUO/B.EpZux3z/s3/FyfDAqQ/QwPlgFVFm
20,sgingedalej,grhJGLk93nGZ,$2b$10$IRK7Qatbo54F.gmdYDOCW.G94WBfnIpKhRfcQQWrxWWhqGRcY/aq.
21,fcadamyk,f0UuvPy,$2b$10$WWKj.c37BbDr1yu40vFPou/6j.KvoAwjB61hFJCFgZ6hCoUP8L6JK
22,ralawayl,z1LnG4T8E5y,$2b$10$k1gdMZIQMB3gzFH.d0dvLOd1w9tMyshRe6iOTeEvzDXEIIFYyYktO
23,sarriguccim,u8lxuHj,$2b$10$vqM2Koc5QKqOFqpCCUt4G.ebcY/7jn53QIhqJtaCXigogDF0PBBZu
24,fpatzeltn,8G8kfO,$2b$10$Wg4rROq5L7nZruNffRMYoOsSfJBuliyxSC/gRn7RLNj2yk2j/7QFu
25,cshawello,vjZXnlR7n,$2b$10$fBebgQ0kwEzzsZVi7jbKouFMFVddg7WijNuvdSMOD6WNtUYBkelLO
26,cgreensidesp,OSbhowjvUybO,$2b$10$MN10N4hOT34K/6qiFANIU.a4h4rhnD8i/6wHco39ttdQGEZw81z5K
27,seasbyq,Qc95sg3I,$2b$10$Z4/fcztmoLTFHlRNdpIXZufdS3YbC2d0HywiWp3.oNtvkwDj.GYM6
28,rlambarthr,camuag,$2b$10$lHBsy29rwbtJ2hH1Sp6/a.5eGpUwel/aKcM8.Sr4/0bZTJkbpoo0G
29,elamings,VHKwKgyShBn,$2b$10$HUuyepyF2QzVnLY6gBdZbeG40A4w8vovJV3VMSxlKABd3PCAx5alG
30,kbeamisst,Sq9xHbViMK,$2b$10$h2PD.dCEUyG8fGnXBb8kIOlVRXPFRRQcZQElRL9dke77shjwv/IhC
31,bbalcersu,wczB5smkwAew,$2b$10$czYkepkdxGpejB/g5Q1wo.ga31BUOLK891GvXHRXAQCHiYmHbVQTi
32,rbuttressv,rAixIVSVxgl,$2b$10$wW41naYmeZqaZ7xBt8YPvuX6FAQoP7KEgkAeiM8wqpzUrd9PK3Isq
33,vcoyishw,9NqCsxaGvviu,$2b$10$20eVEjjjjjsiX5r4Zrd3z.daRAUjxDaAk/hHa2xJk.sNbYPLlVAd6
34,cbrundlex,diFZnwZsZD,$2b$10$ekSX11TKFxd2UM3iA5vQVOQs4hsVCYR1wW8cZAAym4WBN4pEEPVDi
35,vbetjemany,LheJKDukyFj,$2b$10$spl8gRoKFqVVkIq4.96cFuwo2kymwz7B485WYMKq0g.RAX0pT9y36
36,blinningz,gUvjFsdc,$2b$10$gbXIpyflgC/qsPcj27x.KurduzICPB3pJp.Ous8TOJGUpBmKpiRHi
37,mthon10,KliLt56,$2b$10$txGxWaxfbQ5qYtEnwYHmPOtb5dfSYqgJNGYLM2kMfzrwwBLb9tHje
38,swellan11,CR96pnl,$2b$10$qoOiteBikk/iipk2z9GdKO7vZdH6d91C.H1Bvm8AGgA.TShLBra9u
39,cdoni12,ner0bvCz,$2b$10$Fa4sNfxIT.0ghVlDuaXrg.NsRwvq0VAPGkiitoE0IXHg10R.zx0h2
40,fmeredith13,b2h7uAgHGk,$2b$10$hu/d.tplA.IMgS7yZJBcuuzGXu/JW1XvOYmcz93JQmU9YZqEKuoC.
41,scrutchfield14,ek3JDWTS,$2b$10$pA24.c0te/5UDTBeBqxrleJYtV5UlNZYcn6lawsvjNjOf.qhCb.m6
42,cprinett15,yQtm3r2Q4,$2b$10$Fe01htqYiMA9ga4rRrjzZeHfToeP1qqcC67g9iXlG.zzMwTtB1Dee
43,poconnolly16,lBgOzXD,$2b$10$t9K/Lzr4NQPfmuQwvx53eeLSNl8Pk7eRTzStQkzUxh/jlbc2Jpw2K
44,nkellert17,IJHwm4gzxHZ,$2b$10$azjSMFxOnTchl0hgMBF9lezW4QcVs2LC9A7xQ9de5HMkg9eMWjzru
45,lhousam18,BlU7xnIXLL,$2b$10$GfbaspJ8vvgZhV19rf1sEOKHDwrV6OKOb84Ssr7lW9jxgQlHRXVCu
46,lhalleybone19,sKHman0L,$2b$10$BuptEbrNajmWbdv4I6dhU.yudKf4mjdNiE0IXtsRK/el3n/z1m5Iq
47,khuegett1a,t62wxlQuFfJO,$2b$10$0CHDDQ6frGM9dyQOtWf1i.exgWKCq0Os3uBGFWjCqrFl6qN6CQ4PK
48,galabaster1b,shVolDJdtyZK,$2b$10$6.1XCNXF7ADYjxhCus5t3.V5Ma3zAh38KC9zOfgBGhNMA91NfOKiW
49,cgoodfellowe1c,pfnLpmA,$2b$10$sSpAmKzOAinN5sT30k9Ca.AfE8rnL0y17n/UzNmq2fS03zRRhG1lG
50,catherton1d,FsEG9r4VPES,$2b$10$NAtmXrt5X8TVA5fc3S29YuqfTbjL7p7xrOLoTdVEC3kgiAjNT5fCS
51,njendrich1e,NjWxgEZ,$2b$10$LqihmZ.Uaczdk7h8ToZg3uvgiZ1IINxF.hi7IL47ggPeGNppFM0eG
52,aclarricoates1f,CkPeKx,$2b$10$lMxBH/RCCthGaif6UR0VPeUEEbL8xR6/ZFMqzawWs/yND3WTVNdqu
53,vaspall1g,j8BSiUCW,$2b$10$qNRBZOqHhaX0eGbuoYAzMeafBCbYEX2wn9cRurvP03HC/1chugjM.
54,cbryde1h,8Wt5fIIH,$2b$10$lFfsgELiItqflX3sYie4sutMT660v/JO9m5yYBbKnYN6d3bP817Ca
55,jshuard1i,V99KST,$2b$10$74FvJoeq17smGI5d1XQleucCljO1s9bZI58HWFrcL2EWXQ9JVHFKy
56,dtirone1j,rf46RUJ0Qg,$2b$10$hu8EjBFnPF.9kC4WHsfyoeOTcXyl4wtR/W39N1gbhAABOI9riJwXG
57,ehollingby1k,GLqAMpA,$2b$10$ewISZKmktRAEWs24FLSxouHj6RoNRrr8KzHpb7ReYF4PeGD3dm8p2
58,sdahlbom1l,cxHsaMZYiBU2,$2b$10$BR0cUH4idXpR4BDe9u6Q2eiN726.HxKqYP1bT.5PEolSdDD.Qjr2W
59,sdimitrie1m,BoGoe9alRi,$2b$10$vQ4Mwz5RcSqR4Kr/M9YrIuE43P9.x4nvW7jp5Y0XrdGHihD615Cci
60,cgarrud1n,S8LjqM,$2b$10$25H.0J/7Z/iFGGK.WqavF.7VrqAP.UlPtnE5rGhCHs1pk5W2R7Mbq
61,ahavenhand1o,pb4dNFTHa,$2b$10$UUqQvzkLfoBebcPpcK9JI.9smA18emToFHFvQck7Gs77dNcxYhhH.
62,aspofford1p,2iBE2c,$2b$10$3H.qw8k4piWO6ma8c9qp4O7kZpRsQAg2qZ33GUSySwwQAJar1f9eK
63,ddalling1q,x1vPeNC,$2b$10$yVX599l.yXQ5q/CxYEOy5udrNkvvLSJA.O2SsxAbdQCQ5.QUyC7vu
64,rgellert1r,CGOv4J,$2b$10$mczmjlrwT38pSLJGmnZgbOYmeHsDJdUX55K9Do1/FByUXUZg7yJRu
65,dodonnelly1s,jdOJkez,$2b$10$GmLfmlttsVu0Vz0uZ84r.ODnXa9C4B1sPmLx8/eFppTTdkGesAIcS
66,ctulleth1t,3h1ndvku,$2b$10$IoVqnzflmDovaHYWLJ.tweVQwEuebaUsJdcR5jAEr1apNkCab08YO
67,gbrunnen1u,aYmRQJ9,$2b$10$SR.WH8TYAiQbDqpGHwvvJeXxXZ3DED6QeWDISZxHDwM5AUXbFBrKS
68,hebbrell1v,c5jaJPN,$2b$10$TMbMsWKFgZ7shAOu7oML4eEdtmfjUFmBf.2aD2LnldgML83k0mHUy
69,vdibdale1w,Wi3lOPLlW0,$2b$10$PcL.8mjOykVvl/5gJIf6tO.bmwrolj.L7nUNDPDZ7mil3zxTK8SSK
70,sbelly1x,ki6tTvWkWfUC,$2b$10$YCttCZvFjfdxdNO920vYO.S0oygPhqqsikcYQQo3pLjn0m6C0BF9.
71,vingerson1y,ZkTCj1Qv,$2b$10$2b8l4RlPEUt026xTF9pHV.gLAaH8WJob76AmMvNQRuo2KGzG1eh5u
72,oobbard1z,C4pRECZwK,$2b$10$y/Q/c1iP4d.27ya5FAH9ZO6uvJRLg667AtIbxJOBlVrs01eJJ3Lmm
73,aernshaw20,zfWje9W0mpV,$2b$10$RHxM1F8kCZdmHlUFIbMsbenbdhBKM6H.jS262TLv9RFWfL6P1wHSO
74,lguiton21,mzPoE5Pt,$2b$10$l9Nuvg.Qq2QxRBhh3ZuZBugGgKe3/VdZFQpaKF5cia.Mw.7m.Bcw6
75,jitscowics22,1TB7Gjsed,$2b$10$Hb29WHY9TVgz1oN18EpCvubuGk2Dq0JfzTG9wQZvlqFI3xWOGYhtu
76,msickamore23,Po2AhZ,$2b$10$6h36STd7IZHf53Uzko18v.7zJ5Gqe0MeOpBsO7rlHBUmQX6uRMjnW
77,eguppie24,ZDU3kM,$2b$10$c5/l9A1VjdaRNQOJoz3z9u7iW5LztyZumWl7i3/byQkBAvoK8r2c2
78,useagrove25,mMLL5YgIvQg,$2b$10$QrBQ1wqiCkJopgNW3URiOOFq2jGWeTJwfgxr4Jd0yhxe.8ovXDw/C
79,dpowrie26,cJWmFzTqUuG,$2b$10$RwLfSn8T52DbbaS5vGv42exGhzSINbKFewzviZDh.UpvRfGXWmi9G
80,nbullock27,Qixfkd,$2b$10$hoY8JU89Wg3HzR2fr5fTPe/w2HC70kFb0PaiqQKIUEss50ixRJMrK
81,creitenbach28,2GFKTQPbsKXu,$2b$10$rr.DNDUADgm.ob9SJC/pMe8Sx5b8Y4KUMpZq.0eFowmtl3EM1YhHW
82,jjaggers29,45IdMhnTyKIi,$2b$10$EBi7m3hz4FE514SCyHKdf.ta9IbcgBRR52UXzrOMFXzVwngqdrZMq
83,asarfas2a,L1WyGgJ,$2b$10$Kt3ni1XWzhJaejnWQMUukeCgsBUYDtSHVrWWQsnfDdGTd9Pjd9C/u
84,opegden2b,CmviaO5kCw,$2b$10$oRuiQ96VrWHzb4gTQnjm0OCDS6cH34GQOGVzOPbeSHCAnuVcJWQeq
85,zewins2c,hUe2SjLNaefO,$2b$10$Ylt8E57AKbKN54xS2YIogO3a/xiMPxPGTKXU8kxRPrq90jex2SFuy
86,shamby2d,fNOlKjOkO,$2b$10$OWUWEhWmnGAKuwQgd9102uPYlpDFLVm.wAZqhQh2SyjYYgMNErMFS
87,aleamon2e,PJKgP3BrKc6,$2b$10$aQ9mnoeicgANotvQ9UAJWeGh0/EF4tzwkIHHPij1T9P9X99mymZt6
88,droly2f,H3GYwdsDoQhh,$2b$10$GXE1qDl46Q0vwMsr5Mxr6.ZaeDbYMwGr/IYEuftDFrt/9etqL.sK.
89,ialdred2g,JDwUgSNV,$2b$10$cdhgDrYdPOqFAcikjFyj6eGRttNkI2q4J6/IVF9.SUUByEVr9aK5G
90,fbrackenbury2h,62JcWDPHXf,$2b$10$nxM43r/hxjnO11CTxyXmvO/B7.c4dvNZW6hg3PAkLqalF/fUAUWwS
91,bberthel2i,68KsRdZwQf5D,$2b$10$6Uu.Wensg7WbWMGgLTp9kOvA8oelYdcDB/tFcZ0eNjuCdx7PEN4VW
92,gcapron2j,G2N5FiZbM6,$2b$10$YFRgXEmNZC108cqcFil7reytJTMYI811wrqHVK2gHanHOmx/tSy8m
93,jprendiville2k,9IuUDX,$2b$10$sNm1nL6ocWWXchXKgU9YnucZoleMBSDcLXjHMXfumYx9zMz01B5vC
94,lbeverley2l,deUJAkKoxi,$2b$10$0iHi2nSW//uE9e3wildKJ.rZi0U9TdrT/BfIS8od10s11pJSNqmoe
95,aaldham2m,n3z22Rr6eRg,$2b$10$tjDjNxbwgvUCRSC6HA2H4.N1RB3VWvyDRIrqemX6rd..ZIT/ZU3ha
96,hpennrington2n,ZiBZ78,$2b$10$UpMCseWfPbIoAU8D/8fFdOU0vi701f5HIjpUa6zbXykIpKzTwiMc2
97,ifrichley2o,4Rambq3wPf,$2b$10$rIWScHoUAqhhcbZlFfCKO.KgD41Z7r1RvAd4BNhtP5bJ4EF6YqPxe
98,nhalwell2p,sd23kG5nbAqZ,$2b$10$NnYjy/PTNCnwQrAoMh3w1ubrnaVmvnHko1UxS3eiif10BKwjIxjeO
99,sleal2q,Q3z3NHVxR,$2b$10$Jqss2YRncEKi6.q2HtKKBOjsCKV06dIiDSsNF6Y4mtGfd/9.RDMN.
100,zfraczkiewicz2r,rxz678vE4,$2b$10$POuJxn15.gNS8yEtkzXHNOhzn/kwwqX5/VKXAev.v6devQbnS7wHC
101,ljestico2s,HNGcFd,$2b$10$4/Gr/66tlPgtAElZ4wNF/uuifgYx6LguR3YyNVUmgwEMBbazQff2i
102,nbiskup2t,tRCuzsMxB,$2b$10$zQu4v1YGOg/44Jn7XOXGu.xi.UaJ9LoYCFskowegA6gksaBUpnw5y
103,gdowles2u,KE6SKKq,$2b$10$CYdCa14BRvaZGqywjZpWue51kiWEkyC34EM6cf.stOjQerRBUhAgW
104,jeykel2v,TfpwOwIz7z,$2b$10$94CNCCAzky7mqa45rHUS3OzsWc1/q8h4ZjO0Qill1i6NUr802FXXK
105,elefort2w,E0VSZyQdxEf,$2b$10$U2jXXozrv1tBN7rEUhP4wupvXBlOwP43U8dDykJBluyzLfdPMzKZ6
106,cokenny2x,RmcyTOQIC3,$2b$10$d5zLVypkp6SYJ9BWimbe2uSUlWRIYL26MrInQLqAVlilBTMlsF4D.
107,vemby2y,4OVMFAJ,$2b$10$Rwtynwei2f1j3CUSg2MPX.0/vv67ojVrUWclHERTBCJ59Pol7XAWm
108,gboosey2z,redOKR0,$2b$10$/nMVZXXwgm.7APD7V0QLseRBWQi9mKkbbBR60Ho3/oj6XnWKXKzoq
109,klytell30,umF7EpRhH,$2b$10$Ks3zWdqSZ0ALt7AgOMSgPerMHYoIOJHBOsEpCJ9.YW8Pzt3CKbb9.
110,abettam31,aOHe61V9i1,$2b$10$/LkoWf5y84Rvt7wBj5KE8eEQcAaL0EsM.BxnUIvAC.yIJIbMSlMBm
111,sbulfit32,FtM8Yo,$2b$10$yoIhiUxYzMjxGLX9u0AW0OwiW4ypMC1mO/GvkK0KFBBLL4KrNV7Ji
112,malderson33,hQB1lnO,$2b$10$c0fcnnnt3uVO3kBtgWLyz./TDxPpoy71.yFmaqx09CZ5BZaHvfBQ6
113,sbiddulph34,5TSa5rNrg,$2b$10$Wg5alVAPFjkk1A/Ed/WWquoumo4/d2CcimHFodvUyOM0Iwl2U6DhW
114,ksmitham35,tkNq41IYu6w,$2b$10$i5jCyj8u5ZgXUFd3ZpEnB.6Qdtzv5nzVXKWFa1oiS0TjZhhXNLCq6
115,mlockless36,Gez3ymO,$2b$10$MB3Bq.Ti0wrRHdu3hSGaO.VpXBKtyTAQP/AhSRq/JTw/J2l4KJGn2
116,bstilgo37,WIaypc3,$2b$10$CaFGTW2NuGPSTFiv2PU37OKKGWj7FNIzaXckZYlU79nWqeBsvZdei
117,jarkle38,JDnHZ6UW8d79,$2b$10$oHrzt4BoYSE8MOVSca3ia.Py6M9rrGnkDRcY0VimmDHpdlhpCz7Te
118,mdonnell39,FCHLiETSKqHI,$2b$10$r2zhoZajcl445944q6/Yo.uTWFvd/QRhz7oC4IF1Z3sf3aglV3nhy
119,lhegarty3a,nw1s0jqd,$2b$10$GzqKTVLgd8qV1P58JMvA5.Leh2pFTsevJ0U6cwtsmxDTswDZlKGjm
120,gkmietsch3b,pxvYkDFk,$2b$10$EaMTYz.Ut7HQsbHvKm3YkeJNGxWe.WhKWFtWd3nOtaoEPUrje1Vwu
121,tpeak3c,hcPfrvihlB,$2b$10$imnXrm9c0rcrTHiML0rGEe0H9G6I7bY6e3CYP6T63YSDdL7xlkmP2
122,ggripton3d,UZsF1L0kqO1x,$2b$10$BueMml.RzLUf3D.t9iOje.58bB.fvukxNkOm6Ij4OQIaCG5dD8OUW
123,hellaman3e,GVZMAh,$2b$10$n2G4XaAxSgziJTtO8fxhmub7AyYLoBCq26DjfpgK3nE5Nc0jSI7Fy
124,jlinturn3f,rfz7H9QG,$2b$10$h0Y6kF06CGJAxZBWx5uYE.il9efiOuKvcYuufLzJRZGwkgc0AsL3S
125,mhemphrey3g,5OwiovDz,$2b$10$enuStJL6Bd1lt2KBFSRITeutvwt32tcWzvVwEKuRI8IuAlcBqXoJC
126,ming3h,TTTZo0,$2b$10$wmFRUngh3OEnJd3t.PFc4uSmqacyN3RSf5sHXIPyDXl7cQzxTlw3C
127,ebelton3i,Hd4nE0tmH,$2b$10$dudEdtSVxse2hTXdJh9WwugQXXz7rnr7YJT87soe0vc4EinM.g8/S
128,nsprague3j,VbCoQ7dRXoeK,$2b$10$MwgCF6Ez7/DPau7CZyq1vekw.24usfxI/Weh8yQp.T2BbTz1HYo1i
129,loboyle3k,ErtAPT1ep,$2b$10$vgR1j.W1y6P/ATNSUgGS5.Dtg6naVb9LJ0RRitCY1RL/oTmvwtKWe
130,jschimoni3l,NqQpdS,$2b$10$6nH57j4cRqvuPu5krKHwqeS79HgGhd3q./D1P3BPJzs8ORpxELoiC
131,rpostlethwaite3m,5bVeTRanf,$2b$10$niiFiA8n7IYIX8zAPdFjheU953DnXSqkH/ozj2lVyP2JIlWqsCl6e
132,zbensusan3n,70azWWVd4H,$2b$10$aCrOQAf/luMhECipoeA/bOnladqpHN3YEqsqelnLG23mBHRyCo4pm
133,dsego3o,BJxsJ0K,$2b$10$b2ThlvyAjGaI2MUlzzQTduIm08hOWQXv3ScMMWRDltbQYKoSl7yJG
134,mpeartree3p,WCZMJVpDyf,$2b$10$I3GpasfnvvzNakj.WneNW.KGNkEIgOYrK6jZ/sJZwmd8egw.z5YDC
135,sslimon3q,Ogk6owEz3m,$2b$10$UPhiueD2MF6JzLwqP3naROma7ZEwrSiJQwDclFSldQfc5hZLvVKoS
136,rpengilley3r,NizYSn0y6BX4,$2b$10$xf4m52XyGpmYJhz.auSOS.UP7vTjBm9NxqImjbmJoFW5vo7hcA5j2
137,daudsley3s,BlUT6KN,$2b$10$5k2x7lCuKMuI1NYbDAN7qOJZoDMkN55ztUtneiEUJsiEPEGGzG1NW
138,wcanet3t,gWHT3utgp4i,$2b$10$gU97JpfRgPDGuHfpyO.g9OX3l1NcPfKb7kuAo1z.LikGVdobpmUue
139,lutteridge3u,RfBJri83w6oO,$2b$10$1lwabJRnZsRPu8f8sOF.2OMvOCTN5yo3.vAks2OXPGPTQqb5gGL0u
140,ewickens3v,PtDz04Mxzghc,$2b$10$SXIBDNs3EzPJ00LtaP2RpuVQDKymIc/NgFp.DjBQpaCOSeK6eLJ66
141,nredmore3w,x9jISJCpOMdt,$2b$10$tfLtALGXz40q3Ytr6bBDL.ajkxqcVJ3Oibs9.eg4ds4wxTlr9CRae
142,mpeschke3x,eff5yy1xURU,$2b$10$ci1rMz5RN5OLVjtqe8Gl6.4NoOHQaOjU2UI01KSPzgzl6gAmkCgsS
143,lferreiro3y,2zcwtcTXtp,$2b$10$NqMwp3iAdXvKakKLssqBG.gkgwiF7fVgW7xIeNXMjPnDI24WD.vy2
144,wlulham3z,Hszv7d81q6,$2b$10$leeZ1QX0qrkryTxeGlJwFue.KTO7I0gUEsC8AkvODyyjy7HwG6Ezq
145,eruit40,Hwyf2rnVj,$2b$10$lDheAy2gLvZh1Fz/0imbheiIQB9FuZxnKxwFUc7saKuQY7o8BqzIG
146,mhackett41,J1oQPY,$2b$10$mlzHynuAi8OltZfI20fAfON.SxpzDyNqMI10oZAnM0CKAFIVeiS1G
147,cclayden42,oLg2HprKSNB,$2b$10$6YqecjhnpxblHOppLMaeyefIIZ6nj5cqapraSrgSEu0d7x8Z6xv5S
148,cdignam43,qDU2Sa06,$2b$10$Yq1iiGjJya/ML4oswzeQCeVzzQ1af7HAfY/meiVPfXQV8/v2X7CdC
149,ehenriquet44,YTDI17zQ,$2b$10$YWatq.5AoLHGJzcr7Rc/.OEWm6o/Ge1ECa1msVqO/GDjsz.Vk8YlC
150,zsotworth45,hThLZYIR,$2b$10$zCeB41RjdEdBa90uA2DVTuOyOckrjXSf4MmFZVdqXyHUxNBKu.r.G
151,niredale46,EsOQdmmTG,$2b$10$IC4PcWelq6PEQDrKhrPRM.X6tpyUTdajK56jzXBC3PZu9ySyoC4jm
152,bpadgham47,hZYWCyw9vVaZ,$2b$10$B2qSwDZrVkd8bJOT09SSl.8OMUvPI/IjXQP3iT2tPq1a7VwSJ6hFO
153,kbrewer48,N9URzyNDxnS,$2b$10$HcHVvosTzj5VvJoMzwM9MuYZp67.ce.YBlCaYhAlKvScPbu3D8ZYi
154,rmorey49,0LMCp4,$2b$10$3qRbBytG1kU6.MBfju7Aj.1bYUC8.oHV.tMQQt1C4Xo.9lwNJfzVK
155,cmerle4a,7gwcQ3A,$2b$10$VC9FsAydIiitr4JtG2.U6.FQKIQnkt2RT4aNHn.GhejwLWkrKHTsu
156,pklimkovich4b,lN4MUAaj,$2b$10$zTPLjkAIA4EAZAZInEmKmea0x123mvJsT6cqw8dxkYx4Ft2T3D456
157,tfidge4c,CEYurf4,$2b$10$WymUvmpmWC5pIQ4JoapMrOa0kkfJOOigvB912hXE.CASqq4WPPgAS
158,slegon4d,ctyXW8YfQwg,$2b$10$7lBHsRzbhzmydRlYtlPGh.gJEFBl3MZfAqEvOvxNz0g18gpHNrRJG
159,fcargenven4e,1z1Zwox,$2b$10$jRQkl0yZux7d1WADCtzEYuj0ojEoUFQZYDSG3o.9OWTxzNzZ5i6D6
160,lelph4f,Ktgi97x,$2b$10$F30jzkDggSCasAJmzek8j.d2opbEmV8eqgG5JKhGNBy/0pxFJbmJS
161,poldridge4g,ClquYB,$2b$10$OW.0AEdvmlx0boLl38yLfupkSg.NEREWjl9lOcPdkoH5FG2VOmGni
162,oslopier4h,LeGiuHWN3F,$2b$10$c1N26WMQeJVCFvJTmljAIuEtZ60r6jBv1LsMJjsrH37aQFazAQ5zO
163,jrassell4i,aYIPPo5zf,$2b$10$jBiruOhseoYIYbvu.VbIsOSgEeik7fPXlHYMA.1ev6W0xmzoxNyWW
164,ewatmough4j,UITtwcMmImI,$2b$10$3B8MnSvZZbTqULzY7NgfSOGq4zprVnLAtwEILeNdl9a0W3T8jqzWO
165,whinnerk4k,Ea0inu69,$2b$10$zp/yBYZ2bPczi04Q7uAfY.gs0vzw/sFlQt3KGiw7S0A9w/7ICOSaK
166,ndach4l,21pOT5zXWf,$2b$10$j8gFHH/OwaI4G1Z714pnCuEIf4JD9Y7GNAEXyeRJOb.9oSiPZgG.a
167,dcahey4m,jsxxcK,$2b$10$pCMIQvk4JcccU7Jwhb6iDuyWSfm9zMd1hAIXAWOlsz39jSu.qRmdm
168,mharvett4n,HuS74dj,$2b$10$yfekc1Tt4KnItZrvBzyCguvfopEnEt/1xD1dEKToRkM76ka7FJQJW
169,srudd4o,ZVmwYl,$2b$10$7BNPeWvbDjYugg6jlRucgOauvBPO4DFTTKjBXn4RQuH1AaDFKSXO6
170,khayley4p,EeubBm,$2b$10$Ph31AoHNR41z7zfCmPKZa.G7ofCwFBwFpKE6vzC8k8nQjDEmP8Dw.
171,lrenault4q,VPeflCdl,$2b$10$1HH0rfTqkwFI.2KLww1V6e.TU8p/nWUKXvvGZy7LOg1AeanBwXe3W
172,ftesimon4r,XikL0q9YUQuT,$2b$10$i2W6hgkO4YwXXSLfRbxLOOl2zIxynHKNzUh51o2RVKp7WrN0QKLCK
173,bvassel4s,b0rNIKc,$2b$10$nhjlsHtbPHfMBroiZkrv2.kqwLV.XK4iYg9boO0FZNTfj9m7mE9Ey
174,ywellwood4t,NWtVjT,$2b$10$8B1RrissrAfKjjsnadF2Yu1WJBs8z2RXlkeH/mdFCgCCo5FDxyF4q
175,smoretto4u,UynfXZLv,$2b$10$DaW1MnRLTd79F5IJx3.Ngu36anG7JMtXg551QEOlcuC.dR6HYpRKq
176,bleads4v,clox4bqZo90,$2b$10$QZK6U9SMAUaxH8DJAgij7uhLxZeGlI/FlcCA3BKe5Gaait2uLiR3O
177,rheinschke4w,AFycodst,$2b$10$4bh.j2M4tTdRCLNL2XqDLuqMbz8h4mOoWQPmdGnIDridB1d/sn0qC
178,givankin4x,TQLNNmrnG,$2b$10$TQhsQ.OHWQwWOrfdrh352.c4zUbmYxyxs..lZpCPf1of/dnPDHihy
179,mhullock4y,T0qx5fvITyl,$2b$10$zW/RUWDq9UQY17vpKGctVOFc3rJ.A2rma8x0WjwmG7FzCWcagw.kS
180,bfraczkiewicz4z,fM9wzovN,$2b$10$VHuo0V/S/tqoPDJWDg1.6Or2JIPb0WHx8mY6m3udxtEolhTkKxmVa
181,cblankley50,pWqiMS0B04,$2b$10$THbfFwO7rqBV/W3oSAxR.eGIQYY7O.ccgdpbQ1DkSDb.GX7vZpZvm
182,kblincow51,XHFNQvB9I,$2b$10$lVhHaAqAHYvF5T/Wg6rtYOCFxhRzPZ7R6qmpox488aMn46b.b.ski
183,lcoon52,8JunkAGO,$2b$10$wddQsSt45NIThmkwCggm1uF4rWIm01/QovEEn8aeDP.f6M7imOlFa
184,nbilbey53,dWVvWkOtr,$2b$10$wsnpRoLHClr0Z8nS48AdyOAHHzehYxUIOmpoTeuNJlNviteF7FLi2
185,criccio54,L7JcuWZBp5s,$2b$10$t0Zr9C2UgvKenmoaxAww3OD/UAGQ1BuF1hYB9OXstI2uDI4KGXTku
186,sdunkinson55,jPTWcrs,$2b$10$vhOH3HFOkVOMGNXemY4t7Oy.RST0zHnsh3RXnCfp32RfanvdrZXnq
187,dganiclef56,058LhvqUcyeG,$2b$10$y7FCOqEI9eoNwA4/UFgQ8OSpAdF0e9Uvt9wTCWPk90CsaIEXut5lq
188,nperrington57,lAL1ssk,$2b$10$Gp7PJckEWlh3WvcoGFsBE.gqY8ntIkoR6WAdx8LHbCUNDnkOKBTiC
189,mshowler58,fxCWhsdvIJ,$2b$10$USIWwlyHyB1ULduARnyuveRlt9OW5NGD8gYatcffoNpDlCdrnmRai
190,mhowtopreserve59,XoyCgHuY,$2b$10$bezzWwJ8YP6AY6hAcWtocOSbFhycQSvW/xiqerRpXMJIYgrJhfrQi
191,gchupin5a,Y7ot9XTGi,$2b$10$HkxdhdhLGnC6k6MjH/1pcOAvib.obEFo4mR5r3mHzXuLQn5I5AT9S
192,asedgebeer5b,PxRcYi1jR,$2b$10$sW/KooT1hF0UbFT4wr4ddOFUqJYabXBEAp8wyLICYyBwHyBHlFQqK
193,bzukierman5c,QaP7aMXeKG,$2b$10$1hDQsKv71eNChP2XqTyMK.k/nneNUeJAv.EiNKGrKfCooEmfhS8oa
194,jgallon5d,z1z78ApISbgF,$2b$10$w2HuOpHoZ8AU6Esww41.GuY/qrpF21M4QWzZIziGc73HncKWpTEsS
195,zdeeming5e,GhgsLyarm76R,$2b$10$eui8yPxMDZMtOHa3mUk7d.mWJns6W0IlTWW7Rw5vHNX7FNwSQYmBm
196,seliesco5f,iech4IjPq,$2b$10$ecozMbiqFzKuXpLDJ222aehk5.OScC9jzcFpcc33QEhO98xMsFJ0a
197,mdumsday5g,qxrIsdN,$2b$10$Za6q.jcKfyUUSNRR0OvGl.P6vLNf8qC3dIedZXJAi7zm.PP/JuIeG
198,gmcanulty5h,PFmXMqPBB,$2b$10$29pjvMkdbxmd/L4jhQ5Se.TKcEcv1A.JT6/bxBYUwwMk8t0YmDxiW
199,mmariolle5i,IssdUYBEddh,$2b$10$QJAZR0NrQh4iQ90129xxG.sCUqh2lhL8xsNRoycCVCE0i369AhtQS
200,gdodswell5j,bcSSmgE8,$2b$10$zA60YGT3uMGcafvfUjZrAeaQom21chQI8lVmnE8RAyHHqDaIOX1oG
201,egillyett5k,ZndRI0Juaco,$2b$10$QE0lxJ3SINXmH19BLDOvW.I2op1l7THQWmjdSW5niiUeatS3UxjKy
202,sstatton5l,MfF03j,$2b$10$5Z0B1pFzj7hVZIvQYZ.aA.g2oY3P/G7pEJZCYxCGH2B/yiCr7fvLe
203,jcrossgrove5m,TW84PfrKyZB,$2b$10$4ag4cunUFCO5.G7fz6KU..0ezxUYsNtNnoAgR9FagCw33GMeSyFd.
204,idaveley5n,vKQjnxceuU,$2b$10$4O8mjAs/bNwdtYyGmaqOLOqi3aUsKW0TVLLny7QpZPU.iofoODWKe
205,imatantsev5o,5d77mm7,$2b$10$HAxDqAV2Vnn3ZUGKOaxUtOjHDwlEH.LiSF6lcWqHeILGUAAhQg7vq
206,mgoddertsf5p,7n96BTBeIrqe,$2b$10$POkuzXcZ9PcB1MEtx03L4uV3sMrHZgliIAH1zbYLFYyxHt53DTgse
207,lsheard5q,3bUZdVhXhK0,$2b$10$llrz6/vjGuhKge9iKUgB2OeE60zNoFR/gjdXvf35FuIqpb3/mjsxe
208,elodovichi5r,wGRzGjTM,$2b$10$REXZmOY9oCMNfH6aqRYeQuw/dkpqFGysUGAyDH1uWalEN4cyeOfGu
209,rprandy5s,FKA4TzShgrx,$2b$10$gbhIjXrqipdYep/0STmkpeQlXNnzzU0BDLWSWo//CSvBJxVNNU/f.
210,pwalstow5t,tT6EmMWWN7dM,$2b$10$M0nDij594Kgfbu8VspgIPue5z6Sqd5KX526I6ZeJZ/TvLIQQeGyT2
211,ldaal5u,UV3nrOtp1tk,$2b$10$6DKZrRD0D6.jFM4En320E.SvvFcX3QR2ipMEFJKXAe79D2Sp6cGqe
212,dmeriguet5v,l61pKh9Xg0t,$2b$10$1v/vRo.nDcHszIKlcCmyZ.r7ndhuFrzDeOwcb8HFEqCIW4DkKhfF6
213,csynke5w,U7G9yAh1,$2b$10$g4Tace0OV0MIx1hEOtfJmOokzd7azUA9RgXGmzpqg/fEdwZCs5.f.
214,ddesousa5x,oxZBiu,$2b$10$H.8tNgUSyyoD9A9Nf/O8DuNBfEK4aQn04I1SgR2nNuTuSyj8W78yG
215,ashreeves5y,nCRgk9nF,$2b$10$ms2.yXvB6n52nFuyytvk2uh3FzemLyigmVLyyUmyZ5jmHg5RgZNay
216,lparnham5z,oZmv2iXVz,$2b$10$NNjQq86CW4QJ1j77GFQtxOK7HcMgU67EVSjeuQoXcpqyPXUDe5zFG
217,peastlake60,l6zMkh9M,$2b$10$uYXCkLukKHN9v7wVe47rRuaICAmdrb/0H0UbFU84VJ46J3jdxL0Ju
218,smcquie61,QUZgto,$2b$10$j22bENpdwYqbcLRBm4eQLukzsFNGAs9FkhmN0nLmrPWe6ZpMRCzKO
219,ccalleja62,tEm9uQBc,$2b$10$vSZ6wTGtVNO/msxI.9S.iuzUrMAktmdKAj.jlHt6nwtHiNwWexpHO
220,sshipsey63,IkuN1AY,$2b$10$mdN.SG2wzg0GOTIz1LI6/..e8WlQNTQjz4iZ2bF1hHOOIz4x.2ryq
221,vrothwell64,GChdRphCy,$2b$10$nX4sPt7VyOYnT7ne4h7mpeIkvkKHhHLVF4.Mw41dpuq9ygDle1Jza
222,scarmen65,Qvce1jAstBB,$2b$10$glcwFuv7NjLXF1MuJhkI3e9BEW/LoqpjLZipc3aAz/zXPFMRjTi3G
223,bmcphail66,4FCT30M,$2b$10$auQ4LMxippY.rCU0JCEui.TTm4Cb5m3JmkegrcEa1AyZjbc/mSMFe
224,lmatcham67,Y7QHxb7G1A,$2b$10$2mBAtngytykPGV8Td87Yo.BOti904s2P65fmrV8aDcX0GL9KWhJDu
225,ralvarado68,bggvvUeu7gl9,$2b$10$8OR9YlcLvng0/DeG.ONCf.lLUOb/4JD4hu7cuClBb/S6UI5jkIcS2
226,ghinksen69,QMdVPk,$2b$10$gqx2JQNiqTiiqDLKGRC7QuQ6bPUwuci5tHdQRjmp0zR9tBs4EvaPS
227,nlinch6a,zrakOI2NqT,$2b$10$OhOPNqfJp61dDHz9khGM5uBXSjFNmHYh3dDQ7y7Hmj7cn8Gpfk3NK
228,tthal6b,Y8OliiFonGL,$2b$10$VE3y3H7LzSxMkG/goHux0eoYAMYXm8T9v5q8o8QTV3UqQnJCBFZ6a
229,sfetherby6c,gOwNUa,$2b$10$ZJ4RBV7QFNauBiRNo50am.9TTuf5jRuq3JFF3sGEuF1rtizuEq.7u
230,cdarlington6d,CKEg8j4MeA,$2b$10$s/DOuNIPYOyYFGP.U/ArHObjco3kP0WPhgSmmu/S9ZviXIn4k4w/y
231,bvettore6e,RILP4p3jo,$2b$10$5Pqw15NjPT5Tu/aZkrDki.hfMDN0b2iIXvtt7Sxq6qxz4LMrrwOOO
232,avear6f,YoDI4La,$2b$10$.pwk0Yh9da3tqQQtVcbPvOUT/krcsbpNhNLBI1QF83.Ee/yitaZwC
233,jcoudray6g,qwOECSf9PC3D,$2b$10$/YUeedy9tHvbh.f28jQIZ.9sCu4tLG3M8eoXFotZaQxqYqYlb5kKe
234,erangeley6h,WBq7qcGF6jJT,$2b$10$UI0jX2lmzeyeOHGmYih5SuLi/AWih24vfDH5Oi7600Cbbewc2oAEC
235,dmccosh6i,LzokBef4,$2b$10$ItUSbGs3mStnr9Q/NwvAc.hjCukIH8rcVueEQn5olG8791d3YYCA.
236,rgiacometti6j,0IhHVjnvsV5l,$2b$10$SXzJoP/RBbizTtXUE0rcZ.J1VW7Amp/mPj8e6jCNJzXAUN1pJdhIu
237,jchatel6k,pdjlvg3,$2b$10$0l.0o1SyYlipjEpUEp.L1.9l.V4AMPf0IK/Jg9YvJ40qZ1SjgmBm2
238,lpeters6l,OkoQNHl,$2b$10$IcX07xcAJ9s1mYGRPuG/ZuqFCT1xQWIuSLhtLBkeDnd/J9AWuaH82
239,cdanielot6m,Og1MZFVw,$2b$10$HWfMZg8qFbIxxRmQXikgeueRQHC6fhsbGBrCdUzvq0PaBhCR02he6
240,arydeard6n,WUvDqcH,$2b$10$Tw57AJeAte/UaiO6uzlh7.x2FvXSsrXBxd83w1aqfshOnbG6MQdpy
241,rkembley6o,K106yMQ,$2b$10$5UWHurqXpTZxmjV8/8wY8.CMizPp1d8nKNNz7apC/5k6Q.8JIV6X2
242,rmaud6p,IgGvlDW,$2b$10$JuaBDoZBgDkR.skmBkE75.ulAc13UL3puUnFVl3o/cNk4n97T1jIK
243,rsinnie6q,i4knKHd77h,$2b$10$GgAzGkZ0rmtThMkUez6sCua.iJaoT3x6u2SWdSCeK8tLSxlJ8b5GG
244,stubb6r,RcJ6a5fglo,$2b$10$MpYDYxDeObR44A.dQL83eOUsRo6rtEMbLA2gbE1Uh3j3BsBbj3QTS
245,rsalazar6s,TmHIfwj,$2b$10$sComhznLBwCeJd92e2F54ewtpC7em8PXmEycu/WcgDRjUYMR8stTC
246,bbon6t,p1sttQf4T7Ct,$2b$10$UfMHJRWCcN..ieAInllxv.tqr186B1besUXa3WrS5yN3.PR.scmpe
247,evarley6u,TaxxBxAJ,$2b$10$9LUJZGPVb7RXE11xDECwtONqKA97HFQO82WhOF.1mAi0064dm7VDK
248,cduley6v,GiQx8yAgaLc,$2b$10$OaeGJn01jqrwOHCWuB8MFewDgTCwbEJ0JaBSKujd7IKYNQfpZ4Bee
249,jfrodsam6w,SeYhNuGx2Q,$2b$10$IoTjfMOIX9t3wx6/hw.HBuGnGhGVAjjjpH60pRAKz2PCTAPlZvRou
250,dgallgher6x,IbCv7KyFkTq,$2b$10$xZMe6aw8LuKkM4j7FZT/LeubtJymRKZ0s85aJI3Ng67BIqNDyFHqa
251,estainfield6y,Nsh4qbk,$2b$10$O485HtniJGv0oGB.rKMvQ.6X7MERdTlk1lfQJb9xpJF4w7BnXnn16
252,ctupling6z,CX3Sa8v9s,$2b$10$gPIGTd0CvxSBPQldrHXr1OFP0eCW0GjKpPZrLeQ2IMYY/1k8oMaX.
253,aleball70,ecA9MFjIs,$2b$10$/iFbN12k2Joo1IwktiGmsuUNzZ10GAw/gnKU.OXZVdY7sVha6EEvO
254,trigglesford71,PIBD74tLVu,$2b$10$yDvvnsEh0J91qaAyizxDeedr50XyLsv9Cs/xBo4Ivaa4vFOMPwHj2
255,zgianettini72,XbXN6w,$2b$10$Tx8h/mUQggwROY9YdblB.e.hZF0Y3/Xc6ebe/r0A8vsipm2JvKlMK
256,njoseph73,aLs6HYoeWx3,$2b$10$KiIdvrIv.EFi0B0z6xSvuuyFCGsx4fr1UjQUf/lnBTho8pZRztI.y
257,ugroucutt74,MOtbEu71KP,$2b$10$Hw2fxC/dlCLWhLWr3hi58eoVH.sJZek/Ff4zqomKnbWrZmLk7QVOW
258,cwharton75,upgsNTP,$2b$10$rlZDwX0Ue3RITUGbFMzVkemfa5SRN4FEo3f1gsukP66sTViG7oNXG
259,chinkins76,MwX2l0a2U,$2b$10$nhb1CAIXtXscXBnA2H/Qeu4OXfkr9zNb7m0/u1nnMr3rKDnqtAkUa
260,mmasdin77,8uNv5PP,$2b$10$JWgqzQhwgqjOiIcHxSbt8.3eAbvxE/1OmRhox5l/QUT3jwtBjh6.2
261,fbulward78,3YIOe1W,$2b$10$dGOMZ2OU/twvhAm3MjvsQeK3FZdhDKtoiP0/./NwPPaR8hObDbmaa
262,bsketcher79,Aw7wm84mncA,$2b$10$Q84VLyGMUc8KNFoR4w4Rsu1DN//H6rnxp/mLCcQFrc7b708VBx3Qi
263,caplin7a,03tMeaxVXidx,$2b$10$N.MTtvTvBnLmL9viXh50fuiRkPpavGLLCvSdLdhteOT.UyR.t68k2
264,mhounson7b,oTRbU52b,$2b$10$P33LZWdRIOQTaa2Fj9F42OMB7dP7ejTy7oOhzVkVlECIUXN97XdJG
265,aodney7c,qyHWWQI,$2b$10$Gc7AdSZXbThROs.BkHH/pO/QKa5l0Puy03WIoCa8/PJbCLj0qZvK.
266,mseargeant7d,pFqy57mt,$2b$10$AHY47mBX/3ilocdpSFp2he1a7v9LxYZcOmIAe1mRr4rfCXFzvtpkK
267,lponter7e,VorIHlUE,$2b$10$wYoIFABPcEqjAxJZKhTT0uaEP0G5Z7FciM2lgN24nnUZfv//JgbUe
268,cchatwood7f,1HO2kf8,$2b$10$ahlhVAkr7equeXI.U33nuuc5bCSzOLnFlKgcQkfon5Gk49urbB6rG
269,mtossell7g,GYZPygIkv,$2b$10$UoRhc0LdgWzJJiKrGraGUe6Uo4W7He3W3SNOjrgo2dp4AuJTNyrSK
270,ssteedman7h,7F4OW5E,$2b$10$zi0qFrVT04wjUejh6C7.F.V3NGmkzf9zdoBQDNBeqhoRt7d2kmvLG
271,cpeyzer7i,HiqfH3Mvj,$2b$10$jdIA023ApPSkO2oHixljTu6GPNOJalSj6zd3/s3jWIKpqNdbJim9e
272,emadner7j,45bkbPE89l,$2b$10$1OFFyajNwZrbfYQDz5dHI.sHnPP.CeQOoI7HT5gm9CFxAHzOylAtK
273,mjillions7k,bX06bn,$2b$10$v7jkSe9lhstI2t8BDSa7q.SXq4VnRvXuAtsfWAYH6XZAEdCJbJ2hW
274,ispeed7l,cmCwWnYi,$2b$10$RPsIqySmLswTZ/8AKYcgwe114SlmmJEhaCIRsG5mBlZajoCIwn7qu
275,gvanyatin7m,6TnIeoPTwk,$2b$10$RqkzAjFo8s8Pgzdw3Cjy4umfvdtg7GdhdCA8wFMVROMEHd232U8TK
276,gfarrey7n,iDGFy41GV4,$2b$10$lvhp4Mupn2Fyiuw71Fwyk.JxJo0ixbApgQukMOVOK3kV23sw9T5Py
277,kcaistor7o,ujNvmmgCBJc3,$2b$10$nZix5TcR/F.uSArlZG.DHu7s5aDrnTizEBJIQUP11Jl/3S4Veo68C
278,akibbye7p,lvaguWHsuedB,$2b$10$p0JjUj8YOZrlFIHkhJgqtOtoeiehcG2FLu1rLJs3cBdaMAcJ1PRkq
279,fscola7q,l7gZSWZ,$2b$10$D2p.x0Z0IWcNldHlBdmtse/NjevleVh.mq8hlmdwSbwtJrY47x06m
280,messel7r,Isd10qwqUuT,$2b$10$r2mHUsI1vJcHL/mlhIpdY.hfesPr5lrx3FedSJRJEmB1TMdx345.q
281,boliff7s,lsIJdNtXWET,$2b$10$1VZ/EUfk7Xp8op9UVam5VuLIgDGHDiHnXdZabEx17gE8ZY7Oj/ASq
282,bverbrugge7t,6Q21KftoY7i,$2b$10$rcygOLeLcZ22vPXNEq4xxOJjDoFCHa8Jh5.mtQC5G5NHSIXFPokOO
283,rdodamead7u,9dDVEKli92Dp,$2b$10$4lve5lK6xjMHEYUtHfG/eO4V8eYnTjRwjmgk1zH6MqkTR1xymMUU.
284,rpinkerton7v,MzgO3yDQ,$2b$10$NQC67ZilsnWjy8dRWeOJTOiGjxjKVdZOC73bCHc5cN7W.SnyUNcPy
285,mpain7w,RkDkL3KIq,$2b$10$717JMMdVM.ml2hNl1VBRV.KeCSPSV5lDgzZKb9PZhA2pSltduh4Uy
286,mrichter7x,NMoGjcqCDe36,$2b$10$eCzOeGf7DyP73S/EuHGUue9ByAfXL9x7OZ4WH5I.RTCw7tLCI9oqy
287,jmacgaughy7y,BLj3HnA,$2b$10$yGlfMJY50pIbGPiYr4edhO9Oovtfh3lSe3I1nRD3i3M8kzVrP9mHG
288,sgayter7z,037WP2vtPCa,$2b$10$l6ct4mf0nxoMjMIHhVlasubGypFEfZHg7oUl2Mee0oUF9OmXBz9T6
289,rcorker80,8L1edRqcvv4D,$2b$10$3te5LkMxe6lo1TxX91m9o.ieGq0km0Zal0U0x4u.cncm7aIK6hXe.
290,preyburn81,Mixx7x,$2b$10$34VfzR3EIAzgE0QI3910iusyGpU9ItvZxU6IXeMVPQRvRp.35JMfi
291,ehurtado82,5gMu3u9fZC,$2b$10$uCdjekMTQMAhy.mjesu8I.IIV49HtipLU2cCsidbtl9yKUkjEK5y6
292,cmcleod83,Gs7gyzRZd,$2b$10$ooRqgyUmsr8NbflVIOh6sOr8X8TaJX8SY0TU/QUZy9LGBkkYVzV9C
293,kdelhay84,yx0pfshL,$2b$10$s7yC0A8inV8kutmm8QkMVOA/g8G6JixlTA1XWSgNQvpXl210Cuwvu
294,abenthall85,t7JTvOddjzJ,$2b$10$N4cWppLVGPtvprY2MXNlCOpgPqaQSRCE1SH4vQscGCdmFgTZPF36G
295,mpetrusch86,76t8aNXn2xAa,$2b$10$kq9RBEB5QUD1BpxgCh7sbeaK4wdeZ5reF9/cfRHAEXrPN57HDHv2C
296,kgross87,i3bFNLulQ,$2b$10$bqrRcWzV1pZ.oZ5V/XKTfuIvA6bx8LS/QFHCH8MHdHK42CzZRYj3S
297,lwaiting88,SGBhLsxQBcE,$2b$10$EVcI8j85.kmSSXhVwZnoP.80R3W.0oxKNt8ltUsPT2DWE0Xh1rgH2
298,earonovitz89,OjbL0Kew9Y,$2b$10$ewfboaLtO.eSOAsgulcl8uL8GrO3qVvT4pOum98dba65fHWE2ba4e
299,wedgeller8a,SDcAl4F4K,$2b$10$99DSvOC3hPiYBWJKzpupX.7Lr.XXMxZ2y81jKvDcVpqeJD2dBvqYi
300,dhawke8b,sCJr3qk,$2b$10$pMP6Pl3jpqVi4G/ETd4r4en3ebXwbPHG9mLfm.uwWgmrncXktCwzq